observation_id,model_id,protocol_id,dataset,split,metric,value,unit,direction,input_regime,resolution,crop_mask,depth_range,alignment,training_regime,training_overlap,paper_url,paper_version,table_location,reporting_party,baseline_provenance,hardware,inference_settings,notes
i37-observation-001,i37-depth-pro-paper,i37-protocol-da3-table11-eth3d,ETH3D,unknown,delta1,0.386,ratio,higher,single_RGB; intrinsics handling unspecified per baseline,unknown,unknown,unknown,metric evaluation claimed; exact alignment implementation unknown,generalist metric models; baseline fine-tuning status unknown,DA3 Sec4.4 lists training datasets; no declared target training; baseline overlap unknown,https://arxiv.org/html/2511.10647v1,2511.10647v1,Table11 p21; Sec7.4; row DepthPro,DA3 authors,unknown_copied_or_rerun,unknown,unknown,Protocol incomplete: no split/crop/range/resolution or checkpoint hash provided in Sec7.4. Do not identify unspecified backbone rows with D0/D1/D3.
i37-observation-002,i37-depth-pro-paper,i37-protocol-da3-table11-eth3d,ETH3D,unknown,AbsRel,0.349,ratio,lower,single_RGB; intrinsics handling unspecified per baseline,unknown,unknown,unknown,metric evaluation claimed; exact alignment implementation unknown,generalist metric models; baseline fine-tuning status unknown,DA3 Sec4.4 lists training datasets; no declared target training; baseline overlap unknown,https://arxiv.org/html/2511.10647v1,2511.10647v1,Table11 p21; Sec7.4; row DepthPro,DA3 authors,unknown_copied_or_rerun,unknown,unknown,Protocol incomplete: no split/crop/range/resolution or checkpoint hash provided in Sec7.4. Do not identify unspecified backbone rows with D0/D1/D3.
i37-observation-003,i37-depth-pro-paper,i37-protocol-da3-table11-sun-rgbd,SUN-RGBD,unknown,delta1,0.950,ratio,higher,single_RGB; intrinsics handling unspecified per baseline,unknown,unknown,unknown,metric evaluation claimed; exact alignment implementation unknown,generalist metric models; baseline fine-tuning status unknown,DA3 Sec4.4 lists training datasets; no declared target training; baseline overlap unknown,https://arxiv.org/html/2511.10647v1,2511.10647v1,Table11 p21; Sec7.4; row DepthPro,DA3 authors,unknown_copied_or_rerun,unknown,unknown,Protocol incomplete: no split/crop/range/resolution or checkpoint hash provided in Sec7.4. Do not identify unspecified backbone rows with D0/D1/D3.
i37-observation-004,i37-depth-pro-paper,i37-protocol-da3-table11-sun-rgbd,SUN-RGBD,unknown,AbsRel,0.126,ratio,lower,single_RGB; intrinsics handling unspecified per baseline,unknown,unknown,unknown,metric evaluation claimed; exact alignment implementation unknown,generalist metric models; baseline fine-tuning status unknown,DA3 Sec4.4 lists training datasets; no declared target training; baseline overlap unknown,https://arxiv.org/html/2511.10647v1,2511.10647v1,Table11 p21; Sec7.4; row DepthPro,DA3 authors,unknown_copied_or_rerun,unknown,unknown,Protocol incomplete: no split/crop/range/resolution or checkpoint hash provided in Sec7.4. Do not identify unspecified backbone rows with D0/D1/D3.
i37-observation-005,i37-depth-pro-paper,i37-protocol-da3-table11-diode-indoor,DIODE indoor,unknown,delta1,0.734,ratio,higher,single_RGB; intrinsics handling unspecified per baseline,unknown,unknown,unknown,metric evaluation claimed; exact alignment implementation unknown,generalist metric models; baseline fine-tuning status unknown,DA3 Sec4.4 lists training datasets; no declared target training; baseline overlap unknown,https://arxiv.org/html/2511.10647v1,2511.10647v1,Table11 p21; Sec7.4; row DepthPro,DA3 authors,unknown_copied_or_rerun,unknown,unknown,Protocol incomplete: no split/crop/range/resolution or checkpoint hash provided in Sec7.4. Do not identify unspecified backbone rows with D0/D1/D3.
i37-observation-006,i37-depth-pro-paper,i37-protocol-da3-table11-diode-indoor,DIODE indoor,unknown,AbsRel,0.173,ratio,lower,single_RGB; intrinsics handling unspecified per baseline,unknown,unknown,unknown,metric evaluation claimed; exact alignment implementation unknown,generalist metric models; baseline fine-tuning status unknown,DA3 Sec4.4 lists training datasets; no declared target training; baseline overlap unknown,https://arxiv.org/html/2511.10647v1,2511.10647v1,Table11 p21; Sec7.4; row DepthPro,DA3 authors,unknown_copied_or_rerun,unknown,unknown,Protocol incomplete: no split/crop/range/resolution or checkpoint hash provided in Sec7.4. Do not identify unspecified backbone rows with D0/D1/D3.
i37-observation-007,i37-metric3dv2-unspecified,i37-protocol-da3-table11-eth3d,ETH3D,unknown,delta1,0.830,ratio,higher,single_RGB; intrinsics handling unspecified per baseline,unknown,unknown,unknown,metric evaluation claimed; exact alignment implementation unknown,generalist metric models; baseline fine-tuning status unknown,DA3 Sec4.4 lists training datasets; no declared target training; baseline overlap unknown,https://arxiv.org/html/2511.10647v1,2511.10647v1,Table11 p21; Sec7.4; row Metric3D v2,DA3 authors,unknown_copied_or_rerun,unknown,unknown,Protocol incomplete: no split/crop/range/resolution or checkpoint hash provided in Sec7.4. Do not identify unspecified backbone rows with D0/D1/D3.
i37-observation-008,i37-metric3dv2-unspecified,i37-protocol-da3-table11-eth3d,ETH3D,unknown,AbsRel,0.138,ratio,lower,single_RGB; intrinsics handling unspecified per baseline,unknown,unknown,unknown,metric evaluation claimed; exact alignment implementation unknown,generalist metric models; baseline fine-tuning status unknown,DA3 Sec4.4 lists training datasets; no declared target training; baseline overlap unknown,https://arxiv.org/html/2511.10647v1,2511.10647v1,Table11 p21; Sec7.4; row Metric3D v2,DA3 authors,unknown_copied_or_rerun,unknown,unknown,Protocol incomplete: no split/crop/range/resolution or checkpoint hash provided in Sec7.4. Do not identify unspecified backbone rows with D0/D1/D3.
i37-observation-009,i37-metric3dv2-unspecified,i37-protocol-da3-table11-sun-rgbd,SUN-RGBD,unknown,delta1,0.954,ratio,higher,single_RGB; intrinsics handling unspecified per baseline,unknown,unknown,unknown,metric evaluation claimed; exact alignment implementation unknown,generalist metric models; baseline fine-tuning status unknown,DA3 Sec4.4 lists training datasets; no declared target training; baseline overlap unknown,https://arxiv.org/html/2511.10647v1,2511.10647v1,Table11 p21; Sec7.4; row Metric3D v2,DA3 authors,unknown_copied_or_rerun,unknown,unknown,Protocol incomplete: no split/crop/range/resolution or checkpoint hash provided in Sec7.4. Do not identify unspecified backbone rows with D0/D1/D3.
i37-observation-010,i37-metric3dv2-unspecified,i37-protocol-da3-table11-sun-rgbd,SUN-RGBD,unknown,AbsRel,0.132,ratio,lower,single_RGB; intrinsics handling unspecified per baseline,unknown,unknown,unknown,metric evaluation claimed; exact alignment implementation unknown,generalist metric models; baseline fine-tuning status unknown,DA3 Sec4.4 lists training datasets; no declared target training; baseline overlap unknown,https://arxiv.org/html/2511.10647v1,2511.10647v1,Table11 p21; Sec7.4; row Metric3D v2,DA3 authors,unknown_copied_or_rerun,unknown,unknown,Protocol incomplete: no split/crop/range/resolution or checkpoint hash provided in Sec7.4. Do not identify unspecified backbone rows with D0/D1/D3.
i37-observation-011,i37-metric3dv2-unspecified,i37-protocol-da3-table11-diode-indoor,DIODE indoor,unknown,delta1,0.018,ratio,higher,single_RGB; intrinsics handling unspecified per baseline,unknown,unknown,unknown,metric evaluation claimed; exact alignment implementation unknown,generalist metric models; baseline fine-tuning status unknown,DA3 Sec4.4 lists training datasets; no declared target training; baseline overlap unknown,https://arxiv.org/html/2511.10647v1,2511.10647v1,Table11 p21; Sec7.4; row Metric3D v2,DA3 authors,unknown_copied_or_rerun,unknown,unknown,Protocol incomplete: no split/crop/range/resolution or checkpoint hash provided in Sec7.4. DIODE delta1=0.018 with AbsRel=0.154 is anomalous; both verbatim values confirmed visually in PDF; exclude from ranking.
i37-observation-012,i37-metric3dv2-unspecified,i37-protocol-da3-table11-diode-indoor,DIODE indoor,unknown,AbsRel,0.154,ratio,lower,single_RGB; intrinsics handling unspecified per baseline,unknown,unknown,unknown,metric evaluation claimed; exact alignment implementation unknown,generalist metric models; baseline fine-tuning status unknown,DA3 Sec4.4 lists training datasets; no declared target training; baseline overlap unknown,https://arxiv.org/html/2511.10647v1,2511.10647v1,Table11 p21; Sec7.4; row Metric3D v2,DA3 authors,unknown_copied_or_rerun,unknown,unknown,Protocol incomplete: no split/crop/range/resolution or checkpoint hash provided in Sec7.4. DIODE delta1=0.018 with AbsRel=0.154 is anomalous; both verbatim values confirmed visually in PDF; exclude from ranking.
i37-observation-013,i37-unidepth-v1-unspecified,i37-protocol-da3-table11-eth3d,ETH3D,unknown,delta1,0.234,ratio,higher,single_RGB; intrinsics handling unspecified per baseline,unknown,unknown,unknown,metric evaluation claimed; exact alignment implementation unknown,generalist metric models; baseline fine-tuning status unknown,DA3 Sec4.4 lists training datasets; no declared target training; baseline overlap unknown,https://arxiv.org/html/2511.10647v1,2511.10647v1,Table11 p21; Sec7.4; row UniDepthv1,DA3 authors,unknown_copied_or_rerun,unknown,unknown,Protocol incomplete: no split/crop/range/resolution or checkpoint hash provided in Sec7.4. Do not identify unspecified backbone rows with D0/D1/D3.
i37-observation-014,i37-unidepth-v1-unspecified,i37-protocol-da3-table11-eth3d,ETH3D,unknown,AbsRel,0.464,ratio,lower,single_RGB; intrinsics handling unspecified per baseline,unknown,unknown,unknown,metric evaluation claimed; exact alignment implementation unknown,generalist metric models; baseline fine-tuning status unknown,DA3 Sec4.4 lists training datasets; no declared target training; baseline overlap unknown,https://arxiv.org/html/2511.10647v1,2511.10647v1,Table11 p21; Sec7.4; row UniDepthv1,DA3 authors,unknown_copied_or_rerun,unknown,unknown,Protocol incomplete: no split/crop/range/resolution or checkpoint hash provided in Sec7.4. Do not identify unspecified backbone rows with D0/D1/D3.
i37-observation-015,i37-unidepth-v1-unspecified,i37-protocol-da3-table11-sun-rgbd,SUN-RGBD,unknown,delta1,0.971,ratio,higher,single_RGB; intrinsics handling unspecified per baseline,unknown,unknown,unknown,metric evaluation claimed; exact alignment implementation unknown,generalist metric models; baseline fine-tuning status unknown,DA3 Sec4.4 lists training datasets; no declared target training; baseline overlap unknown,https://arxiv.org/html/2511.10647v1,2511.10647v1,Table11 p21; Sec7.4; row UniDepthv1,DA3 authors,unknown_copied_or_rerun,unknown,unknown,Protocol incomplete: no split/crop/range/resolution or checkpoint hash provided in Sec7.4. Do not identify unspecified backbone rows with D0/D1/D3.
i37-observation-016,i37-unidepth-v1-unspecified,i37-protocol-da3-table11-sun-rgbd,SUN-RGBD,unknown,AbsRel,0.113,ratio,lower,single_RGB; intrinsics handling unspecified per baseline,unknown,unknown,unknown,metric evaluation claimed; exact alignment implementation unknown,generalist metric models; baseline fine-tuning status unknown,DA3 Sec4.4 lists training datasets; no declared target training; baseline overlap unknown,https://arxiv.org/html/2511.10647v1,2511.10647v1,Table11 p21; Sec7.4; row UniDepthv1,DA3 authors,unknown_copied_or_rerun,unknown,unknown,Protocol incomplete: no split/crop/range/resolution or checkpoint hash provided in Sec7.4. Do not identify unspecified backbone rows with D0/D1/D3.
i37-observation-017,i37-unidepth-v1-unspecified,i37-protocol-da3-table11-diode-indoor,DIODE indoor,unknown,delta1,0.570,ratio,higher,single_RGB; intrinsics handling unspecified per baseline,unknown,unknown,unknown,metric evaluation claimed; exact alignment implementation unknown,generalist metric models; baseline fine-tuning status unknown,DA3 Sec4.4 lists training datasets; no declared target training; baseline overlap unknown,https://arxiv.org/html/2511.10647v1,2511.10647v1,Table11 p21; Sec7.4; row UniDepthv1,DA3 authors,unknown_copied_or_rerun,unknown,unknown,Protocol incomplete: no split/crop/range/resolution or checkpoint hash provided in Sec7.4. Do not identify unspecified backbone rows with D0/D1/D3.
i37-observation-018,i37-unidepth-v1-unspecified,i37-protocol-da3-table11-diode-indoor,DIODE indoor,unknown,AbsRel,0.266,ratio,lower,single_RGB; intrinsics handling unspecified per baseline,unknown,unknown,unknown,metric evaluation claimed; exact alignment implementation unknown,generalist metric models; baseline fine-tuning status unknown,DA3 Sec4.4 lists training datasets; no declared target training; baseline overlap unknown,https://arxiv.org/html/2511.10647v1,2511.10647v1,Table11 p21; Sec7.4; row UniDepthv1,DA3 authors,unknown_copied_or_rerun,unknown,unknown,Protocol incomplete: no split/crop/range/resolution or checkpoint hash provided in Sec7.4. Do not identify unspecified backbone rows with D0/D1/D3.
i37-observation-019,i37-unidepth-v2-unspecified,i37-protocol-da3-table11-eth3d,ETH3D,unknown,delta1,0.863,ratio,higher,single_RGB; intrinsics handling unspecified per baseline,unknown,unknown,unknown,metric evaluation claimed; exact alignment implementation unknown,generalist metric models; baseline fine-tuning status unknown,DA3 Sec4.4 lists training datasets; no declared target training; baseline overlap unknown,https://arxiv.org/html/2511.10647v1,2511.10647v1,Table11 p21; Sec7.4; row UniDepthv2,DA3 authors,unknown_copied_or_rerun,unknown,unknown,Protocol incomplete: no split/crop/range/resolution or checkpoint hash provided in Sec7.4. Do not identify unspecified backbone rows with D0/D1/D3.
i37-observation-020,i37-unidepth-v2-unspecified,i37-protocol-da3-table11-eth3d,ETH3D,unknown,AbsRel,0.152,ratio,lower,single_RGB; intrinsics handling unspecified per baseline,unknown,unknown,unknown,metric evaluation claimed; exact alignment implementation unknown,generalist metric models; baseline fine-tuning status unknown,DA3 Sec4.4 lists training datasets; no declared target training; baseline overlap unknown,https://arxiv.org/html/2511.10647v1,2511.10647v1,Table11 p21; Sec7.4; row UniDepthv2,DA3 authors,unknown_copied_or_rerun,unknown,unknown,Protocol incomplete: no split/crop/range/resolution or checkpoint hash provided in Sec7.4. Do not identify unspecified backbone rows with D0/D1/D3.
i37-observation-021,i37-unidepth-v2-unspecified,i37-protocol-da3-table11-sun-rgbd,SUN-RGBD,unknown,delta1,0.977,ratio,higher,single_RGB; intrinsics handling unspecified per baseline,unknown,unknown,unknown,metric evaluation claimed; exact alignment implementation unknown,generalist metric models; baseline fine-tuning status unknown,DA3 Sec4.4 lists training datasets; no declared target training; baseline overlap unknown,https://arxiv.org/html/2511.10647v1,2511.10647v1,Table11 p21; Sec7.4; row UniDepthv2,DA3 authors,unknown_copied_or_rerun,unknown,unknown,Protocol incomplete: no split/crop/range/resolution or checkpoint hash provided in Sec7.4. Do not identify unspecified backbone rows with D0/D1/D3.
i37-observation-022,i37-unidepth-v2-unspecified,i37-protocol-da3-table11-sun-rgbd,SUN-RGBD,unknown,AbsRel,0.111,ratio,lower,single_RGB; intrinsics handling unspecified per baseline,unknown,unknown,unknown,metric evaluation claimed; exact alignment implementation unknown,generalist metric models; baseline fine-tuning status unknown,DA3 Sec4.4 lists training datasets; no declared target training; baseline overlap unknown,https://arxiv.org/html/2511.10647v1,2511.10647v1,Table11 p21; Sec7.4; row UniDepthv2,DA3 authors,unknown_copied_or_rerun,unknown,unknown,Protocol incomplete: no split/crop/range/resolution or checkpoint hash provided in Sec7.4. Do not identify unspecified backbone rows with D0/D1/D3.
i37-observation-023,i37-unidepth-v2-unspecified,i37-protocol-da3-table11-diode-indoor,DIODE indoor,unknown,delta1,0.856,ratio,higher,single_RGB; intrinsics handling unspecified per baseline,unknown,unknown,unknown,metric evaluation claimed; exact alignment implementation unknown,generalist metric models; baseline fine-tuning status unknown,DA3 Sec4.4 lists training datasets; no declared target training; baseline overlap unknown,https://arxiv.org/html/2511.10647v1,2511.10647v1,Table11 p21; Sec7.4; row UniDepthv2,DA3 authors,unknown_copied_or_rerun,unknown,unknown,Protocol incomplete: no split/crop/range/resolution or checkpoint hash provided in Sec7.4. Do not identify unspecified backbone rows with D0/D1/D3.
i37-observation-024,i37-unidepth-v2-unspecified,i37-protocol-da3-table11-diode-indoor,DIODE indoor,unknown,AbsRel,0.123,ratio,lower,single_RGB; intrinsics handling unspecified per baseline,unknown,unknown,unknown,metric evaluation claimed; exact alignment implementation unknown,generalist metric models; baseline fine-tuning status unknown,DA3 Sec4.4 lists training datasets; no declared target training; baseline overlap unknown,https://arxiv.org/html/2511.10647v1,2511.10647v1,Table11 p21; Sec7.4; row UniDepthv2,DA3 authors,unknown_copied_or_rerun,unknown,unknown,Protocol incomplete: no split/crop/range/resolution or checkpoint hash provided in Sec7.4. Do not identify unspecified backbone rows with D0/D1/D3.
i37-observation-025,i37-da3-metric-paper,i37-protocol-da3-table11-eth3d,ETH3D,unknown,delta1,0.917,ratio,higher,single_RGB; intrinsics handling unspecified per baseline,unknown,unknown,unknown,metric evaluation claimed; exact alignment implementation unknown,generalist metric models; baseline fine-tuning status unknown,DA3 Sec4.4 lists training datasets; no declared target training; baseline overlap unknown,https://arxiv.org/html/2511.10647v1,2511.10647v1,Table11 p21; Sec7.4; row DA3-metric,DA3 authors,author_model,unknown,unknown,Protocol incomplete: no split/crop/range/resolution or checkpoint hash provided in Sec7.4. Do not identify unspecified backbone rows with D0/D1/D3.
i37-observation-026,i37-da3-metric-paper,i37-protocol-da3-table11-eth3d,ETH3D,unknown,AbsRel,0.104,ratio,lower,single_RGB; intrinsics handling unspecified per baseline,unknown,unknown,unknown,metric evaluation claimed; exact alignment implementation unknown,generalist metric models; baseline fine-tuning status unknown,DA3 Sec4.4 lists training datasets; no declared target training; baseline overlap unknown,https://arxiv.org/html/2511.10647v1,2511.10647v1,Table11 p21; Sec7.4; row DA3-metric,DA3 authors,author_model,unknown,unknown,Protocol incomplete: no split/crop/range/resolution or checkpoint hash provided in Sec7.4. Do not identify unspecified backbone rows with D0/D1/D3.
i37-observation-027,i37-da3-metric-paper,i37-protocol-da3-table11-sun-rgbd,SUN-RGBD,unknown,delta1,0.973,ratio,higher,single_RGB; intrinsics handling unspecified per baseline,unknown,unknown,unknown,metric evaluation claimed; exact alignment implementation unknown,generalist metric models; baseline fine-tuning status unknown,DA3 Sec4.4 lists training datasets; no declared target training; baseline overlap unknown,https://arxiv.org/html/2511.10647v1,2511.10647v1,Table11 p21; Sec7.4; row DA3-metric,DA3 authors,author_model,unknown,unknown,Protocol incomplete: no split/crop/range/resolution or checkpoint hash provided in Sec7.4. Do not identify unspecified backbone rows with D0/D1/D3.
i37-observation-028,i37-da3-metric-paper,i37-protocol-da3-table11-sun-rgbd,SUN-RGBD,unknown,AbsRel,0.105,ratio,lower,single_RGB; intrinsics handling unspecified per baseline,unknown,unknown,unknown,metric evaluation claimed; exact alignment implementation unknown,generalist metric models; baseline fine-tuning status unknown,DA3 Sec4.4 lists training datasets; no declared target training; baseline overlap unknown,https://arxiv.org/html/2511.10647v1,2511.10647v1,Table11 p21; Sec7.4; row DA3-metric,DA3 authors,author_model,unknown,unknown,Protocol incomplete: no split/crop/range/resolution or checkpoint hash provided in Sec7.4. Do not identify unspecified backbone rows with D0/D1/D3.
i37-observation-029,i37-da3-metric-paper,i37-protocol-da3-table11-diode-indoor,DIODE indoor,unknown,delta1,0.838,ratio,higher,single_RGB; intrinsics handling unspecified per baseline,unknown,unknown,unknown,metric evaluation claimed; exact alignment implementation unknown,generalist metric models; baseline fine-tuning status unknown,DA3 Sec4.4 lists training datasets; no declared target training; baseline overlap unknown,https://arxiv.org/html/2511.10647v1,2511.10647v1,Table11 p21; Sec7.4; row DA3-metric,DA3 authors,author_model,unknown,unknown,Protocol incomplete: no split/crop/range/resolution or checkpoint hash provided in Sec7.4. Do not identify unspecified backbone rows with D0/D1/D3.
i37-observation-030,i37-da3-metric-paper,i37-protocol-da3-table11-diode-indoor,DIODE indoor,unknown,AbsRel,0.128,ratio,lower,single_RGB; intrinsics handling unspecified per baseline,unknown,unknown,unknown,metric evaluation claimed; exact alignment implementation unknown,generalist metric models; baseline fine-tuning status unknown,DA3 Sec4.4 lists training datasets; no declared target training; baseline overlap unknown,https://arxiv.org/html/2511.10647v1,2511.10647v1,Table11 p21; Sec7.4; row DA3-metric,DA3 authors,author_model,unknown,unknown,Protocol incomplete: no split/crop/range/resolution or checkpoint hash provided in Sec7.4. Do not identify unspecified backbone rows with D0/D1/D3.
i37-observation-031,i37-unidepth-v2-large-rgb,i37-protocol-unidepthv2-sun-alignment-unresolved,SUN-RGBD,validation; overlap removal described in official README,delta1,96.4,percent,higher,single_RGB plus GT camera for Metric3Dv2 only,unknown,unknown,unknown,unresolved: SecIV-A says delta1 SSI; TableI labels delta1 without SSI,zero-shot; same checkpoint each dataset; no test augmentation,authors declare unseen; README removes NYUv2 overlap,https://arxiv.org/html/2502.20110v2,2502.20110v2,TableI SecIV p7; row UniDepthV2-Large,UniDepthV2 authors,author_model,unknown,no test-time augmentation,Do not merge with unaligned metric protocols. Model paper Large corresponds architecture; selected checkpoint hash not given.
i37-observation-032,i37-unidepth-v2-large-rgb,i37-protocol-unidepthv2-sun-alignment-unresolved,SUN-RGBD,validation; overlap removal described in official README,AbsRel,6.8,percent,lower,single_RGB plus GT camera for Metric3Dv2 only,unknown,unknown,unknown,unresolved: SecIV-A says delta1 SSI; TableI labels delta1 without SSI,zero-shot; same checkpoint each dataset; no test augmentation,authors declare unseen; README removes NYUv2 overlap,https://arxiv.org/html/2502.20110v2,2502.20110v2,TableI SecIV p7; row UniDepthV2-Large,UniDepthV2 authors,author_model,unknown,no test-time augmentation,Do not merge with unaligned metric protocols. Model paper Large corresponds architecture; selected checkpoint hash not given.
i37-observation-033,i37-depth-pro-paper,i37-protocol-unidepthv2-sun-alignment-unresolved,SUN-RGBD,validation; overlap removal described in official README,delta1,83.1,percent,higher,single_RGB plus GT camera for Metric3Dv2 only,unknown,unknown,unknown,unresolved: SecIV-A says delta1 SSI; TableI labels delta1 without SSI,zero-shot; same checkpoint each dataset; no test augmentation,authors declare unseen; README removes NYUv2 overlap,https://arxiv.org/html/2502.20110v2,2502.20110v2,TableI SecIV p7; row DepthPro,UniDepthV2 authors,rerun_by_reporting_authors,unknown,no test-time augmentation,Do not merge with unaligned metric protocols. Model paper Large corresponds architecture; selected checkpoint hash not given.
i37-observation-034,i37-depth-pro-paper,i37-protocol-unidepthv2-sun-alignment-unresolved,SUN-RGBD,validation; overlap removal described in official README,AbsRel,13.3,percent,lower,single_RGB plus GT camera for Metric3Dv2 only,unknown,unknown,unknown,unresolved: SecIV-A says delta1 SSI; TableI labels delta1 without SSI,zero-shot; same checkpoint each dataset; no test augmentation,authors declare unseen; README removes NYUv2 overlap,https://arxiv.org/html/2502.20110v2,2502.20110v2,TableI SecIV p7; row DepthPro,UniDepthV2 authors,rerun_by_reporting_authors,unknown,no test-time augmentation,Do not merge with unaligned metric protocols. Model paper Large corresponds architecture; selected checkpoint hash not given.
i37-observation-035,i37-metric3dv2-unspecified,i37-protocol-unidepthv2-sun-alignment-unresolved,SUN-RGBD,validation; overlap removal described in official README,delta1,81.2,percent,higher,single_RGB plus GT camera for Metric3Dv2 only,unknown,unknown,unknown,unresolved: SecIV-A says delta1 SSI; TableI labels delta1 without SSI,zero-shot; same checkpoint each dataset; no test augmentation,authors declare unseen; README removes NYUv2 overlap,https://arxiv.org/html/2502.20110v2,2502.20110v2,TableI SecIV p7; row Metric3Dv2,UniDepthV2 authors,rerun_by_reporting_authors,unknown,no test-time augmentation,Do not merge with unaligned metric protocols. Model paper Large corresponds architecture; selected checkpoint hash not given.
i37-observation-036,i37-metric3dv2-unspecified,i37-protocol-unidepthv2-sun-alignment-unresolved,SUN-RGBD,validation; overlap removal described in official README,AbsRel,13.3,percent,lower,single_RGB plus GT camera for Metric3Dv2 only,unknown,unknown,unknown,unresolved: SecIV-A says delta1 SSI; TableI labels delta1 without SSI,zero-shot; same checkpoint each dataset; no test augmentation,authors declare unseen; README removes NYUv2 overlap,https://arxiv.org/html/2502.20110v2,2502.20110v2,TableI SecIV p7; row Metric3Dv2,UniDepthV2 authors,rerun_by_reporting_authors,unknown,no test-time augmentation,Do not merge with unaligned metric protocols. Model paper Large corresponds architecture; selected checkpoint hash not given.
i37-observation-037,i37-metric3dv2-vitl-paper,i37-protocol-metric3dv2-original-nyuv2,NYUv2,654 test samples,delta1,0.975,ratio,higher,single_RGB_with_GT_intrinsics,unknown,unknown,unknown,metric canonical de-normalization; no GT scale fit reported,zero-shot ZS row; exclude FT row,target not used in ZS training per paper,https://arxiv.org/html/2404.15506v4,2404.15506v4,TableI SecIV; Ours ViT-L CSTM_label ZS,Metric3Dv2 authors,author_model,unknown,unknown,"Backbone matches D3; selected vit.raft5.large.py sets iters=8, matching supplement Table1; exact 800k hash equivalence unresolved. Crop/range unknown. Values checked unchanged from v2 to v4 TableI; supplementary Table2 gives test sample counts."
i37-observation-038,i37-metric3dv2-vitl-paper,i37-protocol-metric3dv2-original-nyuv2,NYUv2,654 test samples,AbsRel,0.063,ratio,lower,single_RGB_with_GT_intrinsics,unknown,unknown,unknown,metric canonical de-normalization; no GT scale fit reported,zero-shot ZS row; exclude FT row,target not used in ZS training per paper,https://arxiv.org/html/2404.15506v4,2404.15506v4,TableI SecIV; Ours ViT-L CSTM_label ZS,Metric3Dv2 authors,author_model,unknown,unknown,"Backbone matches D3; selected vit.raft5.large.py sets iters=8, matching supplement Table1; exact 800k hash equivalence unresolved. Crop/range unknown. Values checked unchanged from v2 to v4 TableI; supplementary Table2 gives test sample counts."
i37-observation-039,i37-metric3dv2-vitl-paper,i37-protocol-metric3dv2-original-kitti,KITTI,652 test samples,delta1,0.974,ratio,higher,single_RGB_with_GT_intrinsics,unknown,unknown,unknown,metric canonical de-normalization; no GT scale fit reported,zero-shot ZS row; exclude FT row,target not used in ZS training per paper,https://arxiv.org/html/2404.15506v4,2404.15506v4,TableI SecIV; Ours ViT-L CSTM_label ZS,Metric3Dv2 authors,author_model,unknown,unknown,"Backbone matches D3; selected vit.raft5.large.py sets iters=8, matching supplement Table1; exact 800k hash equivalence unresolved. Crop/range unknown. Values checked unchanged from v2 to v4 TableI; supplementary Table2 gives test sample counts."
i37-observation-040,i37-metric3dv2-vitl-paper,i37-protocol-metric3dv2-original-kitti,KITTI,652 test samples,AbsRel,0.052,ratio,lower,single_RGB_with_GT_intrinsics,unknown,unknown,unknown,metric canonical de-normalization; no GT scale fit reported,zero-shot ZS row; exclude FT row,target not used in ZS training per paper,https://arxiv.org/html/2404.15506v4,2404.15506v4,TableI SecIV; Ours ViT-L CSTM_label ZS,Metric3Dv2 authors,author_model,unknown,unknown,"Backbone matches D3; selected vit.raft5.large.py sets iters=8, matching supplement Table1; exact 800k hash equivalence unresolved. Crop/range unknown. Values checked unchanged from v2 to v4 TableI; supplementary Table2 gives test sample counts."
i37-observation-041,i37-depth-pro-paper,i37-protocol-depthpro-eth3d,ETH3D,454 samples,delta1,41.5,percent,higher,single_RGB; method-specific GT/EXIF/predicted focal,GT 4032x6048,valid GT; Metric3D indoor512x1088 outdoor512x992 crops; bilinear output resize,0.1-200 m,unaligned metric depth,zero-shot claim; Metric3D domain-specific crop exception,authors state test datasets not used; Metric3D crop selected by domain,https://arxiv.org/html/2410.02073v2,2410.02073v2,Table1 Sec4; row Depth Pro,Depth Pro authors,author_model,unknown,unknown,"C.5: Metric3Dv2 giant, not D3; UniDepth V1 ViT-L, not D0/D1. C.6 ETH3D raw images/EXIF differ from UniDepth original evaluation."
i37-observation-042,i37-depth-pro-paper,i37-protocol-depthpro-eth3d,ETH3D,454 samples,AbsRel,0.327,ratio,lower,single_RGB; method-specific GT/EXIF/predicted focal,GT 4032x6048,valid GT; Metric3D indoor512x1088 outdoor512x992 crops; bilinear output resize,0.1-200 m,unaligned metric depth,zero-shot claim; Metric3D domain-specific crop exception,authors state test datasets not used; Metric3D crop selected by domain,https://arxiv.org/html/2410.02073v2,2410.02073v2,Table4 AppendixA.2; row Depth Pro,Depth Pro authors,author_model,unknown,unknown,"C.5: Metric3Dv2 giant, not D3; UniDepth V1 ViT-L, not D0/D1. C.6 ETH3D raw images/EXIF differ from UniDepth original evaluation."
i37-observation-043,i37-depth-pro-paper,i37-protocol-depthpro-sun-rgbd,SUN-RGBD,5050 samples,delta1,89.0,percent,higher,single_RGB; method-specific GT/EXIF/predicted focal,GT 530x730,valid GT; Metric3D indoor512x1088 outdoor512x992 crops; bilinear output resize,0.001-10 m,unaligned metric depth,zero-shot claim; Metric3D domain-specific crop exception,authors state test datasets not used; Metric3D crop selected by domain,https://arxiv.org/html/2410.02073v2,2410.02073v2,Table1 Sec4; row Depth Pro,Depth Pro authors,author_model,unknown,unknown,"C.5: Metric3Dv2 giant, not D3; UniDepth V1 ViT-L, not D0/D1. C.6 ETH3D raw images/EXIF differ from UniDepth original evaluation."
i37-observation-044,i37-depth-pro-paper,i37-protocol-depthpro-sun-rgbd,SUN-RGBD,5050 samples,AbsRel,0.113,ratio,lower,single_RGB; method-specific GT/EXIF/predicted focal,GT 530x730,valid GT; Metric3D indoor512x1088 outdoor512x992 crops; bilinear output resize,0.001-10 m,unaligned metric depth,zero-shot claim; Metric3D domain-specific crop exception,authors state test datasets not used; Metric3D crop selected by domain,https://arxiv.org/html/2410.02073v2,2410.02073v2,Table4 AppendixA.2; row Depth Pro,Depth Pro authors,author_model,unknown,unknown,"C.5: Metric3Dv2 giant, not D3; UniDepth V1 ViT-L, not D0/D1. C.6 ETH3D raw images/EXIF differ from UniDepth original evaluation."
i37-observation-045,i37-metric3dv2-giant,i37-protocol-depthpro-eth3d,ETH3D,454 samples,delta1,87.7,percent,higher,single_RGB; method-specific GT/EXIF/predicted focal,GT 4032x6048,valid GT; Metric3D indoor512x1088 outdoor512x992 crops; bilinear output resize,0.1-200 m,unaligned metric depth,zero-shot claim; Metric3D domain-specific crop exception,authors state test datasets not used; Metric3D crop selected by domain,https://arxiv.org/html/2410.02073v2,2410.02073v2,Table1 Sec4; row Metric3D v2,Depth Pro authors,rerun_by_reporting_authors,unknown,unknown,"C.5: Metric3Dv2 giant, not D3; UniDepth V1 ViT-L, not D0/D1. C.6 ETH3D raw images/EXIF differ from UniDepth original evaluation."
i37-observation-046,i37-metric3dv2-giant,i37-protocol-depthpro-eth3d,ETH3D,454 samples,AbsRel,0.124,ratio,lower,single_RGB; method-specific GT/EXIF/predicted focal,GT 4032x6048,valid GT; Metric3D indoor512x1088 outdoor512x992 crops; bilinear output resize,0.1-200 m,unaligned metric depth,zero-shot claim; Metric3D domain-specific crop exception,authors state test datasets not used; Metric3D crop selected by domain,https://arxiv.org/html/2410.02073v2,2410.02073v2,Table4 AppendixA.2; row Metric3D v2,Depth Pro authors,rerun_by_reporting_authors,unknown,unknown,"C.5: Metric3Dv2 giant, not D3; UniDepth V1 ViT-L, not D0/D1. C.6 ETH3D raw images/EXIF differ from UniDepth original evaluation."
i37-observation-047,i37-metric3dv2-giant,i37-protocol-depthpro-sun-rgbd,SUN-RGBD,5050 samples,delta1,75.6,percent,higher,single_RGB; method-specific GT/EXIF/predicted focal,GT 530x730,valid GT; Metric3D indoor512x1088 outdoor512x992 crops; bilinear output resize,0.001-10 m,unaligned metric depth,zero-shot claim; Metric3D domain-specific crop exception,authors state test datasets not used; Metric3D crop selected by domain,https://arxiv.org/html/2410.02073v2,2410.02073v2,Table1 Sec4; row Metric3D v2,Depth Pro authors,rerun_by_reporting_authors,unknown,unknown,"C.5: Metric3Dv2 giant, not D3; UniDepth V1 ViT-L, not D0/D1. C.6 ETH3D raw images/EXIF differ from UniDepth original evaluation."
i37-observation-048,i37-metric3dv2-giant,i37-protocol-depthpro-sun-rgbd,SUN-RGBD,5050 samples,AbsRel,0.156,ratio,lower,single_RGB; method-specific GT/EXIF/predicted focal,GT 530x730,valid GT; Metric3D indoor512x1088 outdoor512x992 crops; bilinear output resize,0.001-10 m,unaligned metric depth,zero-shot claim; Metric3D domain-specific crop exception,authors state test datasets not used; Metric3D crop selected by domain,https://arxiv.org/html/2410.02073v2,2410.02073v2,Table4 AppendixA.2; row Metric3D v2,Depth Pro authors,rerun_by_reporting_authors,unknown,unknown,"C.5: Metric3Dv2 giant, not D3; UniDepth V1 ViT-L, not D0/D1. C.6 ETH3D raw images/EXIF differ from UniDepth original evaluation."
i37-observation-049,i37-unidepth-v1-vitl,i37-protocol-depthpro-eth3d,ETH3D,454 samples,delta1,25.3,percent,higher,single_RGB; method-specific GT/EXIF/predicted focal,GT 4032x6048,valid GT; Metric3D indoor512x1088 outdoor512x992 crops; bilinear output resize,0.1-200 m,unaligned metric depth,zero-shot claim; Metric3D domain-specific crop exception,authors state test datasets not used; Metric3D crop selected by domain,https://arxiv.org/html/2410.02073v2,2410.02073v2,Table1 Sec4; row UniDepth,Depth Pro authors,rerun_by_reporting_authors,unknown,unknown,"C.5: Metric3Dv2 giant, not D3; UniDepth V1 ViT-L, not D0/D1. C.6 ETH3D raw images/EXIF differ from UniDepth original evaluation."
i37-observation-050,i37-unidepth-v1-vitl,i37-protocol-depthpro-eth3d,ETH3D,454 samples,AbsRel,0.457,ratio,lower,single_RGB; method-specific GT/EXIF/predicted focal,GT 4032x6048,valid GT; Metric3D indoor512x1088 outdoor512x992 crops; bilinear output resize,0.1-200 m,unaligned metric depth,zero-shot claim; Metric3D domain-specific crop exception,authors state test datasets not used; Metric3D crop selected by domain,https://arxiv.org/html/2410.02073v2,2410.02073v2,Table4 AppendixA.2; row UniDepth,Depth Pro authors,rerun_by_reporting_authors,unknown,unknown,"C.5: Metric3Dv2 giant, not D3; UniDepth V1 ViT-L, not D0/D1. C.6 ETH3D raw images/EXIF differ from UniDepth original evaluation."
i37-observation-051,i37-unidepth-v1-vitl,i37-protocol-depthpro-sun-rgbd,SUN-RGBD,5050 samples,delta1,95.8,percent,higher,single_RGB; method-specific GT/EXIF/predicted focal,GT 530x730,valid GT; Metric3D indoor512x1088 outdoor512x992 crops; bilinear output resize,0.001-10 m,unaligned metric depth,zero-shot claim; Metric3D domain-specific crop exception,authors state test datasets not used; Metric3D crop selected by domain,https://arxiv.org/html/2410.02073v2,2410.02073v2,Table1 Sec4; row UniDepth,Depth Pro authors,rerun_by_reporting_authors,unknown,unknown,"C.5: Metric3Dv2 giant, not D3; UniDepth V1 ViT-L, not D0/D1. C.6 ETH3D raw images/EXIF differ from UniDepth original evaluation."
i37-observation-052,i37-unidepth-v1-vitl,i37-protocol-depthpro-sun-rgbd,SUN-RGBD,5050 samples,AbsRel,0.087,ratio,lower,single_RGB; method-specific GT/EXIF/predicted focal,GT 530x730,valid GT; Metric3D indoor512x1088 outdoor512x992 crops; bilinear output resize,0.001-10 m,unaligned metric depth,zero-shot claim; Metric3D domain-specific crop exception,authors state test datasets not used; Metric3D crop selected by domain,https://arxiv.org/html/2410.02073v2,2410.02073v2,Table4 AppendixA.2; row UniDepth,Depth Pro authors,rerun_by_reporting_authors,unknown,unknown,"C.5: Metric3Dv2 giant, not D3; UniDepth V1 ViT-L, not D0/D1. C.6 ETH3D raw images/EXIF differ from UniDepth original evaluation."
i37-observation-053,i37-depth-pro-paper,i37-protocol-depthpro-ibims-boundary,iBims-1,100 images,boundary_F1,0.176,ratio,higher,single_RGB,GT480x640,valid depth boundary pairs,not_applicable,scale-invariant boundary metric; not absolute metric accuracy,zero-shot,test-only per paper,https://arxiv.org/html/2410.02073v2,2410.02073v2,Table2 Sec4; row Depth Pro,Depth Pro authors,author_model,unknown,weighted thresholds 5-25 percent; Sec3.2/C.6,Boundary metric distinct from UniDepth geometric F1.
i37-observation-054,i37-metric3dv2-giant,i37-protocol-depthpro-ibims-boundary,iBims-1,100 images,boundary_F1,0.096,ratio,higher,single_RGB,GT480x640,valid depth boundary pairs,not_applicable,scale-invariant boundary metric; not absolute metric accuracy,zero-shot,test-only per paper,https://arxiv.org/html/2410.02073v2,2410.02073v2,Table2 Sec4; row Metric3D v2,Depth Pro authors,rerun_by_reporting_authors,unknown,weighted thresholds 5-25 percent; Sec3.2/C.6,Boundary metric distinct from UniDepth geometric F1.
i37-observation-055,i37-unidepth-v1-vitl,i37-protocol-depthpro-ibims-boundary,iBims-1,100 images,boundary_F1,0.039,ratio,higher,single_RGB,GT480x640,valid depth boundary pairs,not_applicable,scale-invariant boundary metric; not absolute metric accuracy,zero-shot,test-only per paper,https://arxiv.org/html/2410.02073v2,2410.02073v2,Table2 Sec4; row UniDepth,Depth Pro authors,rerun_by_reporting_authors,unknown,weighted thresholds 5-25 percent; Sec3.2/C.6,Boundary metric distinct from UniDepth geometric F1.
i37-observation-056,i37-unidepth-v2-vitl-moge2,i37-protocol-moge2-eth3d-gt-camera,ETH3D,unknown,AbsRel,15.0,percent,lower,single_RGB_with_GT_intrinsics,unknown,unknown,unknown,none; AppendixA.3 explicitly no alignment/no added clamp,generalist zero-shot evaluation,ETH3D not in listed target-model training datasets; pretrained overlap unknown,https://arxiv.org/html/2507.02546v1,2507.02546v1,TableB.4 AppendixB.4 metric depth w/GT intrinsics; row UniDepth V2,MoGe-2 authors,rerun_by_reporting_authors,unknown,unknown,A.2 specifies ViT-L for both; exact weight hash and dataset crop/resolution unspecified; architectural match only; released native postprocessing may clamp.
i37-observation-057,i37-unidepth-v2-vitl-moge2,i37-protocol-moge2-eth3d-gt-camera,ETH3D,unknown,delta1,85.2,percent,higher,single_RGB_with_GT_intrinsics,unknown,unknown,unknown,none; AppendixA.3 explicitly no alignment/no added clamp,generalist zero-shot evaluation,ETH3D not in listed target-model training datasets; pretrained overlap unknown,https://arxiv.org/html/2507.02546v1,2507.02546v1,TableB.4 AppendixB.4 metric depth w/GT intrinsics; row UniDepth V2,MoGe-2 authors,rerun_by_reporting_authors,unknown,unknown,A.2 specifies ViT-L for both; exact weight hash and dataset crop/resolution unspecified; architectural match only; released native postprocessing may clamp.
i37-observation-058,i37-metric3dv2-vitl-moge2,i37-protocol-moge2-eth3d-gt-camera,ETH3D,unknown,AbsRel,11.8,percent,lower,single_RGB_with_GT_intrinsics,unknown,unknown,unknown,none; AppendixA.3 explicitly no alignment/no added clamp,generalist zero-shot evaluation,ETH3D not in listed target-model training datasets; pretrained overlap unknown,https://arxiv.org/html/2507.02546v1,2507.02546v1,TableB.4 AppendixB.4 metric depth w/GT intrinsics; row Metric3D V2,MoGe-2 authors,rerun_by_reporting_authors,unknown,unknown,A.2 specifies ViT-L for both; exact weight hash and dataset crop/resolution unspecified; architectural match only; released native postprocessing may clamp.
i37-observation-059,i37-metric3dv2-vitl-moge2,i37-protocol-moge2-eth3d-gt-camera,ETH3D,unknown,delta1,88.8,percent,higher,single_RGB_with_GT_intrinsics,unknown,unknown,unknown,none; AppendixA.3 explicitly no alignment/no added clamp,generalist zero-shot evaluation,ETH3D not in listed target-model training datasets; pretrained overlap unknown,https://arxiv.org/html/2507.02546v1,2507.02546v1,TableB.4 AppendixB.4 metric depth w/GT intrinsics; row Metric3D V2,MoGe-2 authors,rerun_by_reporting_authors,unknown,unknown,A.2 specifies ViT-L for both; exact weight hash and dataset crop/resolution unspecified; architectural match only; released native postprocessing may clamp.
