search_id,round,source_url,query_or_table,accessed_at,discovered_models,disposition,notes
i37-search-01,0,https://arxiv.org/,site:arxiv.org monocular metric depth zero shot depth estimation benchmark comparison,2026-09-30,ZeroDepth;Metric3D;FoV-conditioned diffusion;MMDE survey;MDEC2025,metric leads sent to parent,Screened returned titles/abstracts and four reference papers; not complete arXiv search; survey not used as numeric authority.
i37-search-02,0,https://github.com/,site:github.com depth video temporal consistency dynamic scenes,2026-09-30,GemDepth;DVD;Consistent Video Depth;Dynamic Video Depth;DVSR;DynamicStereo,video leads handed off; DVSR and DynamicStereo excluded from monocular RGB group,Returned official repositories screened; DVSR needs ToF depth and DynamicStereo needs stereo pairs. No repository pagination claim.
i37-search-03,0,https://huggingface.co/models?pipeline_tag=depth-estimation,Depth task filter; targeted author checkpoint lookup; site:huggingface.co depth-estimation Depth-Anything-V2-Small-hf Marigold,2026-09-30,DA V2 Small;Marigold;RollingDepth;Prompt Depth Anything,author checkpoint verification and efficient/video leads,"Task-filter HTML only exposed filter controls; used targeted search/API author cards; conversion mirrors deduplicated, Prompt Depth Anything needs sparse depth."
i37-search-04,0,https://github.com/Ideal-111/Awesome-Foundation-Model-Based-Depth,README discriminative/generative/completion entries,2026-09-30,MoGe-2;VGGT;DUSt3R;PatchRefiner;DepthCrafter;ZoeDepth,metric/multiview/detail/video leads; completion outside RGB-only scope,Visible README sections screened; entries marked 2026 are leads until paper date verified; no list ranking used.
i37-search-05,0,https://github.com/scott89/awesome-depth,README supervised/unsupervised monocular sections,2026-09-30,Eigen;FCRN;DORN;BTS;GeoNet,retain historical ancestry; no deep review of these older baselines,Visible bibliography predominantly 2014-2020; sparse-to-dense methods excluded for additional sensor input.
i37-search-06,0,https://github.com/hitcslj/awesome-robust-depth-estimation,README adverse weather/nighttime/corruption sections,2026-09-30,md4all;WeatherDepth;Defeat-net,robustness leads; driving/weather specialization lower priority for indoor Basketball,"Survey/Talks/Implementations TODO entries are coverage gaps, not evidence of absent methods."
i37-search-07,0,https://github.com/choyingw/Awesome-Monocular-Depth,README recent monocular/diffusion/detail entries,2026-09-30,DepthFM;IEBins;NVDS;PatchFusion;md4all,relative/video/detail leads; IEBins remains older in-domain comparator,Visible list last update October 2024; does not cover full survey cutoff.
i37-search-08,0,https://github.com/AndyLiming/awesome-depth,Index plus src/monocular.md; src/multiview.md; src/videoDepth.md,2026-09-30,ZeroDepth;NeWCRFs;GeoMVSNet;IterMVS;NVDS;Robust Consistent Video Depth;DPS-Net,multiview/video leads; DPS-Net excluded from monocular group (polarimetric stereo),"Followed category files, not just landing page; binocular/completion/calibration categories noted but not exhaustively screened."
i37-search-09,0,https://github.com/topics/depth-prediction,first displayed topic page,2026-09-30,FCRN;AdelaiDepth;DepthFlow;sparse-to-dense,FCRN historical; AdelaiDepth relative lead; DepthFlow application excluded; sparse-to-dense extra input excluded,"Visible first page only, no pagination or popularity-based selection."
i37-search-10,0,https://github.com/topics/depth-estimation,first displayed topic page,2026-09-30,MapAnything;Marigold;ZoeDepth;pySLAM,MapAnything multiview; Marigold relative; ZoeDepth metric; pySLAM pipeline excluded as independent depth model,"Visible first page only, no pagination or popularity-based selection."
i37-search-11,0,https://github.com/topics/monocular-depth-estimation,first displayed topic page,2026-09-30,Depth Anything;MiDaS;Marigold;MoGe;ZoeDepth;Metric3D,cross-check category routes; duplicate repository aliases merged,"Visible first page only, no pagination or popularity-based selection."
i37-search-12,1,https://arxiv.org/html/2502.20110v2,Tables I-III and Sec IV-A; reference citations,2026-09-30,ZoeDepth;MASt3R;UniDepthV1;Metric3Dv2;DepthPro,retain reference comparisons; ZoeDepth/MASt3R expansion,All methods explicitly rerun; GT-camera footnotes; SSI notation conflict in PDF p6 preserved.
i37-search-13,1,https://arxiv.org/html/2410.02073v2,Tables 1/2/4/5; Appendix C.5-C.6,2026-09-30,PatchFusion;Marigold;ZeroDepth;ZoeDepth;Metric3Dv2-giant,follow metric/detail/relative candidates; giant separate from D3,Baseline reruns explicit; domain-specific crops; ETH3D raw/EXIF distinction; zero-shot exceptions retained.
i37-search-14,1,https://arxiv.org/html/2404.15506v4,Table I; Section IV; training table V,2026-09-30,ZeroDepth;Polymax;AdaBins;IEBins;NeWCRFs,D3 matching backbone row retained; other metric leads handed off,ZS and FT rows separated; baseline copied/rerun not resolved from inspected text.
i37-search-15,1,https://arxiv.org/html/2511.10647v1,Table 11 page21 and Sec7.4; Sec4.4,2026-09-30,DA3-metric;UniDepthv1;UniDepthv2;Metric3Dv2;DepthPro,retain final metric row; exclude teacher ablations and other DA3 modes,Exact backbone/checkpoint baseline mapping and crop protocol unreported; DIODE anomaly visually confirmed.
i37-search-16,1,https://arxiv.org/html/2302.12288v1,Follow ZoeDepth cited by reference papers; Tables1-3,2026-09-30,AdaBins;LocalBins;NeWCRFs;BTS;DORN,historical metric ancestry; route to metric category,"Table1 explicitly copies older scores; Table2 retrains modified architectures, not interchangeable original checkpoints; no copied scores imported here."
i37-search-17,2,https://arxiv.org/html/2507.02546v1,Later reference evaluation Tables2/3/B.3/B.4 and A.2-A.3,2026-09-30,MoGe-2;MoGe;MASt3R;UniDepthV2-L;Metric3Dv2-L,add camera-conditioned corroboration for D1/D3; MoGe-2 lead to metric category,"A.2 specifies ViT-L; metric depth unaligned; point metric translation-aligned, not mixed with depth. Baseline pipeline rerun described."
i37-search-18,2,https://arxiv.org/abs/2203.01502,Follow NeWCRFs citation from ZoeDepth Table1,2026-09-30,NeWCRFs,historical in-domain model; deep review delegated metric category,"Original abstract opened; CVPR2022 paper, arXiv v2 dated2022-06-06; no numerical extraction here."
i37-search-19,2,https://arxiv.org/abs/2609.08084,site:arxiv.org UniDepthV2 DepthPro Metric3D benchmark 2026,2026-09-30,Marigold V2;UniK3D;Seeing and Seeing Through the Glass,September2026 diffusion lead and geometry/transparent-surface benchmark leads handed off,Search returned primary repositories/papers plus secondary results; secondary summaries excluded from performance evidence.
i37-search-20,verification,https://huggingface.co/api/models/apple/DepthPro/revision/ccd1350a774eb2248bcdfb3be430e38f1d3087ef,Exact author model APIs and pinned README/LICENSE metadata,2026-09-30,D0;D1;D2;D3;D4,public ungated reference assets verified by metadata only,Four API snapshots matched selected revisions/files. HF DepthPro blob web rendering errored; raw HTTPS license read succeeded. raw.githubusercontent.com sandbox block succeeded on one outside-sandbox retry. No weights downloaded.
i37-search-21,verification,https://arxiv.org/pdf/2511.10647v1;https://arxiv.org/pdf/2502.20110v2,Rendered PDF pages21 and6,2026-09-30,not_applicable,DA3 anomaly and UniDepth SSI conflict confirmed visually,Web PDF opens returned internal errors; direct public PDFs downloaded to /tmp and rendered with installed Poppler. No install.
i37-search-22,verification,https://github.com/YvanYin/Metric3D/blob/eb5b6fac0dc155e4e52f576e304fbf11655ff339/mono/configs/HourglassDecoder/vit.raft5.large.py,Release config decode_head.iters and crop_size,2026-09-30,D3,eight iterations match paper despite raft5 filename,Verified iters=8; crop616x1064; canonical focal1000. Filename is not iteration count.
