arm,update_center,mean,seed0,seed1,seed2,fitted_tail
stg-full,5250.5,0.05536955515295267,0.05578728368878365,0.05510055416822433,0.055220827601850035,
stg-full,5750.5,0.05461012774954239,0.05500288813561201,0.05495645167678594,0.05387104343622923,
stg-full,6250.5,0.06005442454169194,0.060395089969038966,0.060364922672510146,0.059403260983526704,
stg-full,6750.5,0.05465356586873532,0.0551235755905509,0.05467217764258385,0.05416494437307119,
stg-full,7250.5,0.054043523175021015,0.05453178714960814,0.05407079212367535,0.05352799025177955,
stg-full,7750.5,0.053292723571260775,0.05341625963896513,0.05352066437900067,0.05294124669581652,
stg-full,8250.5,0.053055184848606586,0.05313697644323111,0.05360356556624174,0.05242501253634691,
stg-full,8750.5,0.052865550532937046,0.05292644509673119,0.05358064775913954,0.052089558742940426,
stg-full,9250.5,0.05231972473859787,0.052623192228376865,0.0526806875243783,0.051655294463038445,
stg-full,9750.5,0.05196193150679271,0.05210157696157694,0.05229079193621874,0.05149342562258243,
stg-full,10250.5,0.053516461096704014,0.05420637526363135,0.05377180966734886,0.052571198359131814,
stg-full,10750.5,0.052625764002402625,0.053506735891103746,0.05264310448616743,0.051727451629936694,
stg-full,11250.5,0.05196941142777602,0.05253638504445553,0.05237718191742897,0.05099466732144356,
stg-full,11750.5,0.05199817417313655,0.05250775346159935,0.052120174691081045,0.05136659436672926,
stg-full,12250.5,0.05164878446360429,0.052168559163808824,0.051944470480084416,0.05083332374691963,
stg-full,12750.5,0.05151575295130412,0.05158813305199146,0.052393114127218726,0.05056601167470217,
stg-full,13250.5,0.05145038660367329,0.052271801248192785,0.0518048502355814,0.05027450832724571,
stg-full,13750.5,0.0507957948744297,0.051392405964434146,0.050698815561831,0.05029616309702396,
stg-full,14250.5,0.05089943469067415,0.051472077503800395,0.0510501956641674,0.05017603090405464,
stg-full,14750.5,0.05045359831551711,0.051144885212183,0.050891335099935535,0.049324574634432794,
stg-full,15250.5,0.05047061091661453,0.05088223970681429,0.050742878131568435,0.049786714911460875,
stg-full,15750.5,0.05029143881797791,0.051442406728863715,0.0500526090785861,0.049379300646483895,
stg-full,16250.5,0.05020993281155824,0.05101924390345812,0.050442600324749946,0.04916795420646668,
stg-full,16750.5,0.05002217073738575,0.05099788630753756,0.04953819127380848,0.049530434630811214,
stg-full,17250.5,0.05020332608868678,0.05084265367686749,0.05017092400044203,0.04959640058875084,
stg-full,17750.5,0.04972444805502892,0.05018841447681189,0.04995998498797417,0.04902494470030069,
stg-full,18250.5,0.04981457643707593,0.05057793528586626,0.04964377577602863,0.04922201824933291,
stg-full,18750.5,0.049890141040086745,0.05012938172370195,0.05026217433065176,0.04927886706590653,
stg-full,19250.5,0.049670906911293666,0.050117505237460135,0.04990988067537546,0.0489853348210454,
stg-full,19750.5,0.04961902076750994,0.05043345899879932,0.04949393141269684,0.04892967189103365,
stg-full,20250.5,0.0494800277724862,0.04983493477106094,0.049797899834811685,0.048807248711585996,0.04946246187329421
stg-full,20750.5,0.04937623232354721,0.05012513639777899,0.04909066830575466,0.04891289226710796,0.0493796371170694
stg-full,21250.5,0.04945530819644531,0.050082236014306544,0.04971608603745699,0.048567602537572384,0.04929979278138594
stg-full,21750.5,0.049302010481556253,0.0502908431738615,0.04925292572379112,0.048362262547016144,0.04922275519510366
stg-full,22250.5,0.04937360278020303,0.04953792245686054,0.04974529956281185,0.04883758632093668,0.04914836450270536
stg-full,22750.5,0.04880701835701864,0.04954642104357481,0.04896517433226109,0.047909459695219994,0.04907647328424491
stg-full,23250.5,0.04913788243631522,0.04968170457333326,0.049025129191577435,0.04870681354403496,0.04900694534000756
stg-full,23750.5,0.04884899984548489,0.04929637693613768,0.049057196043431756,0.048193426556885244,0.04893965461715359
stg-full,24250.5,0.048653510197997095,0.04897319928556681,0.04904454804211855,0.047942783266305924,0.048874484259159044
stg-full,24750.5,0.04884335106611251,0.04946625193208456,0.04874397398531437,0.04831982728093862,0.04881132576179697
stg-full,25250.5,0.048838577335079514,0.04964139081537724,0.04849351454526186,0.04838082664459944,0.04875007822183514
stg-full,25750.5,0.04853670429935058,0.04862692561000585,0.04888937620073557,0.04809381108731031,0.04869064766665511
stg-full,26250.5,0.04876385306318601,0.049206471376121046,0.0490614221021533,0.048023665711283685,0.04863294645469458
stg-full,26750.5,0.048456741973757746,0.048971566572785376,0.048564887024462225,0.04783377232402563,0.0485768927380415
stg-full,27250.5,0.04840170263002316,0.04919227502495051,0.04818105555325747,0.047831777311861515,0.048522409979710204
stg-full,27750.5,0.04808986711253723,0.04823591344803572,0.04830255411565304,0.04773113377392292,0.04846942651914652
stg-full,28250.5,0.04859466678152482,0.048971383072435856,0.0487735109552741,0.04803910631686449,0.04841787518037161
stg-full,28750.5,0.04831842733174563,0.04877035155147314,0.04841068460047245,0.047774245843291284,0.048367692917908586
stg-full,29250.5,0.04828747050712506,0.048797722280025484,0.04850877413153648,0.04755591510981321,0.04831882049626272
stg-full,29750.5,0.04824983895073334,0.04873716848343611,0.048282160058617594,0.04773018831014633,0.04827120219926305
stg-full,30250.5,0.04826244108130534,0.04873312896490097,0.048677814036607744,0.04737638024240732,0.04822478556603383
stg-full,30750.5,0.04820914294073978,0.04882563957571983,0.04805900070816278,0.04774278853833675,0.048179521150761025
stg-full,31250.5,0.04796449376642704,0.04834349014610052,0.04835029948502779,0.047199691668152806,0.048135362303761794
stg-full,31750.5,0.04806146902094285,0.04891208617389202,0.047748361244797706,0.047523959644138816,0.048092264971660706
stg-full,32250.5,0.04802692218373219,0.048819000646471974,0.04782637215405702,0.04743539375066757,0.048050187514733965
stg-full,32750.5,0.04833066995441914,0.04865350516885519,0.04845966227352619,0.047878842420876026,0.04800909053970608
stg-full,33250.5,0.048123672718803086,0.04859615330398083,0.048116554781794545,0.04765831007063389,0.04796893674647818
stg-full,33750.5,0.048225934724013014,0.048865200832486154,0.04799065782874823,0.04782194551080465,0.04792969078743733
stg-full,34250.5,0.04762987650185824,0.04808191292732954,0.047603066906332966,0.047204649671912194,0.04789131913814496
stg-full,34750.5,0.04780732551217079,0.04816879660636186,0.047811071150004866,0.047442108780145646,0.04785378997833301
stg-full,35250.5,0.047614712995787456,0.047961022444069384,0.047903462402522565,0.04697965414077043,0.04781707308225112
stg-full,35750.5,0.047852827591200665,0.048787695631384846,0.047639629513025285,0.04713115762919187,0.04778113971750918
stg-full,36250.5,0.047937722985943156,0.04878728492558002,0.04783096357434988,0.047194920457899574,0.04774596255164855
stg-full,36750.5,0.047576153139273325,0.04793928680568933,0.047599677078425884,0.04718949553370476,0.047711515565754106
stg-full,37250.5,0.047815530588229495,0.0482761959284544,0.04776412080228329,0.047406275033950805,0.047677773974488705
stg-full,37750.5,0.04770228607207536,0.04827744574099779,0.0479045509621501,0.04692486151307821,0.047644714151993714
stg-full,38250.5,0.047467696997026604,0.048098351165652274,0.04728600542992353,0.047018734395504,0.04761231356315396
stg-full,38750.5,0.04766284128775199,0.048249360159039495,0.04765792946517468,0.04708123423904181,0.0475805506997743
stg-full,39250.5,0.04769699516395728,0.04838182968646288,0.047719856120646,0.04698929968476295,0.04754940502125866
stg-full,39750.5,0.04760414762049914,0.04824533248692751,0.04748559595644474,0.04708151441812515,0.04751885689942094
stg-full,40250.5,0.04741435849914948,0.0481115193888545,0.04724933063238859,0.046882225476205346,0.04748888756709231
stg-full,40750.5,0.047253988757729536,0.047679146334528924,0.047316287003457545,0.046766532935202124,0.04745947907022003
stg-full,41250.5,0.047586276019612954,0.048228013820946214,0.04710577153414488,0.04742504270374775,0.047430614223181164
stg-full,41750.5,0.047616152015825114,0.04835652780532837,0.0474003436639905,0.04709158457815647,0.04740227656705933
stg-full,42250.5,0.04728507287055254,0.04829996743053198,0.046940715588629243,0.0466145355924964,0.04737445033065522
stg-full,42750.5,0.047471185194949306,0.04809521834552288,0.04741152087599039,0.04690681636333466,0.047347120394021724
stg-full,43250.5,0.04743509430686632,0.048023206926882264,0.04715465676039457,0.04712741923332214,0.047320272254332975
stg-full,43750.5,0.047244397717217605,0.047866551116108894,0.04682305208593607,0.04704358994960785,0.047293891993912665
stg-full,44250.5,0.047302472978830334,0.04785836478322744,0.04720750196278095,0.04684155219048262,0.04726796625026235
stg-full,44750.5,0.04727013928443193,0.0478688466027379,0.04668263255804777,0.047258938692510126,0.04724248218794342
stg-full,45250.5,0.047322971013685065,0.04775522040575743,0.04756082306057215,0.04665286957472563,0.047217427472179024
stg-full,45750.5,0.04715013065189123,0.04782191619277001,0.04678761087357998,0.046840864889323715,0.04719279024405283
stg-full,46250.5,0.04696828557302555,0.047487855233252045,0.04679667214304209,0.0466203293427825,0.04716855909719196
stg-full,46750.5,0.04697525252153476,0.04754852580279112,0.047012327186763285,0.046364904575049874,0.047144723055830194
stg-full,47250.5,0.04710883786032597,0.04775457992404699,0.046912255987524985,0.04665967766940594,0.047121271554156005
stg-full,47750.5,0.047090373642742635,0.04765693329274654,0.04690600578486919,0.046708181850612165,0.04709819441685749
stg-full,48250.5,0.04693142762035132,0.047591720417141915,0.04684804853796959,0.04635451390594244,0.04707548184078308
stg-full,48750.5,0.04733284412324429,0.04791363783180714,0.04714838324487209,0.04693651129305363,0.04705312437764324
stg-full,49250.5,0.04699450579285622,0.047375084325671196,0.04686800030618906,0.046740432746708395,0.047031112917684116
stg-full,49750.5,0.04681128278623025,0.047315215267241,0.04662576067447662,0.04649287241697311,0.04700943867426915
freetimegs-sparse,5250.5,0.11572174774110318,0.11659031052887439,0.11460562206804753,0.1159693106263876,
freetimegs-sparse,5750.5,0.11197365189095337,0.11275930611789227,0.11131297509372234,0.11184867446124554,
freetimegs-sparse,6250.5,0.10858957183857759,0.10929733546078205,0.10804623582959175,0.10842514422535897,
freetimegs-sparse,6750.5,0.10590701053539912,0.10698102508485317,0.10561680203676224,0.10512320448458194,
freetimegs-sparse,7250.5,0.10360813756287097,0.1041132451593876,0.10292742127180099,0.10378374625742436,
freetimegs-sparse,7750.5,0.10171645806729794,0.10218595683574677,0.10153753411769867,0.10142588324844837,
freetimegs-sparse,8250.5,0.09961926398674648,0.10023095609247684,0.09987570884823799,0.09875112701952457,
freetimegs-sparse,8750.5,0.09795229224363962,0.09786921365559101,0.09811946332454681,0.09786819975078107,
freetimegs-sparse,9250.5,0.09558637021978696,0.09569503675401211,0.09500008101761341,0.09606399288773537,
freetimegs-sparse,9750.5,0.09443622492750486,0.0948960320353508,0.09464338660240174,0.09376925614476204,
freetimegs-sparse,10250.5,0.09273516724010307,0.09332052300870418,0.09228006859123707,0.092604910120368,
freetimegs-sparse,10750.5,0.09136194604138533,0.09246305099129677,0.09056971524655819,0.09105307188630105,
freetimegs-sparse,11250.5,0.08984418907761572,0.09019640398025512,0.08987723442912102,0.08945892882347108,
freetimegs-sparse,11750.5,0.08884834655125935,0.08950650192797184,0.08860399809479713,0.0884345396310091,
freetimegs-sparse,12250.5,0.08717670656243959,0.08772053252160548,0.08709832713007927,0.08671126003563404,
freetimegs-sparse,12750.5,0.08678819389641285,0.08737524582445622,0.08642761948704719,0.08656171637773513,
freetimegs-sparse,13250.5,0.08519163728257022,0.08511039282381534,0.08479453893005848,0.08566998009383678,
freetimegs-sparse,13750.5,0.08408366213242213,0.08433150358498097,0.08321170218288898,0.08470778062939643,
freetimegs-sparse,14250.5,0.08299789892633756,0.08320718811452389,0.08354928779602051,0.08223722086846828,
freetimegs-sparse,14750.5,0.08219528711835544,0.08151586352288723,0.08297747400403023,0.08209252382814884,
freetimegs-sparse,15250.5,0.08120229508479436,0.08033645708858966,0.08192905554175377,0.08134137262403965,
freetimegs-sparse,15750.5,0.08062508215506872,0.07987974594533444,0.08088378132879734,0.08111171919107438,
freetimegs-sparse,16250.5,0.07921793014804522,0.07930244129896163,0.078786547832191,0.07956480131298303,
freetimegs-sparse,16750.5,0.07880287829786539,0.07721800239384174,0.07984987875074148,0.07934075374901295,
freetimegs-sparse,17250.5,0.07818027196079493,0.07791000212728977,0.0784454310387373,0.07818538271635771,
freetimegs-sparse,17750.5,0.07721180327733358,0.07687456947565079,0.07695923516154289,0.07780160519480706,
freetimegs-sparse,18250.5,0.0767207044934233,0.07591227621585131,0.07694736590236426,0.07730247136205434,
freetimegs-sparse,18750.5,0.07639127625028293,0.07558495698869229,0.07694850350171327,0.07664036826044321,
freetimegs-sparse,19250.5,0.07527385417868694,0.0746734134554863,0.07570106595754623,0.07544708312302828,
freetimegs-sparse,19750.5,0.07471258553614218,0.07437678999453783,0.07546180269122124,0.0742991639226675,
freetimegs-sparse,20250.5,0.07446552394330502,0.07377163542807103,0.07553953482955694,0.07408540157228709,0.07395586465804223
freetimegs-sparse,20750.5,0.07294487793495258,0.0726724907308817,0.07324284648150206,0.07291929659247398,0.07346435509824079
freetimegs-sparse,21250.5,0.07315782471746207,0.07311403971165419,0.0740823243111372,0.0722771101295948,0.07298725385296442
freetimegs-sparse,21750.5,0.07276002733161052,0.07213190082460642,0.07384189528226852,0.07230628588795662,0.07252413855092187
freetimegs-sparse,22250.5,0.07209755048404139,0.07194606320559979,0.07283678540587425,0.07150980284065009,0.07207459920238854
freetimegs-sparse,22750.5,0.07140040873239438,0.07099682447314262,0.07214282337576151,0.071061578348279,0.07163823783624826
freetimegs-sparse,23250.5,0.07121781145284574,0.0708692499101162,0.07179734767228364,0.07098683677613735,0.07121466814767471
freetimegs-sparse,23750.5,0.07064033844570318,0.07022217011451722,0.07196221303939819,0.06973663218319416,0.07080351515614104
freetimegs-sparse,24250.5,0.07049420314282179,0.0700070341527462,0.07184234662353993,0.06963322865217925,0.07040441487345467
freetimegs-sparse,24750.5,0.06998520424962044,0.06889542651176453,0.07173820901662112,0.06932197722047567,0.07001701398152342
freetimegs-sparse,25250.5,0.06941856471697488,0.06931081965565682,0.06997856833040714,0.06896630616486073,0.06964096951956782
freetimegs-sparse,25750.5,0.06918090213835239,0.0688879586532712,0.06983280228823423,0.06882194547355175,0.06927594858050251
freetimegs-sparse,26250.5,0.0690643312583367,0.06839514371752739,0.07102807531505823,0.06776977474242449,0.06892162801621816
freetimegs-sparse,26750.5,0.06839655790974697,0.0683877577856183,0.06868666723370552,0.06811524870991707,0.06857769415150275
freetimegs-sparse,27250.5,0.06837131211906672,0.06766349309682847,0.0695357205569744,0.06791472270339727,0.06824384250634916
freetimegs-sparse,27750.5,0.06767891819526752,0.0671230336278677,0.06876892438530922,0.06714479657262563,0.0679197775264031
freetimegs-sparse,28250.5,0.0678170187274615,0.06778755924105644,0.06911361573636532,0.06654988120496273,0.06760521232131295
freetimegs-sparse,28750.5,0.06719623725861311,0.0665621542558074,0.06847053613513708,0.06655602138489485,0.06729986841074943
freetimegs-sparse,29250.5,0.06694515080501635,0.06647759211063385,0.06812952546030283,0.06622833484411239,0.06700347547787086
freetimegs-sparse,29750.5,0.06672610514362654,0.0662034556940198,0.06839418718963862,0.06558067254722118,0.06671577113001524
freetimegs-sparse,30250.5,0.06627843875437976,0.06592224271595479,0.06750217728316783,0.06541089626401662,0.06643650066640759
freetimegs-sparse,30750.5,0.06633387962480387,0.06567662381380797,0.06741513324528933,0.06590988181531429,0.06616541685267681
freetimegs-sparse,31250.5,0.06613810556630294,0.06590345944464207,0.06720534641295671,0.06530551084131002,0.0659022797019824
freetimegs-sparse,31750.5,0.06558126183102529,0.06494846577197314,0.06675692415982484,0.06503839556127787,0.06564685626255734
freetimegs-sparse,32250.5,0.06535300408303737,0.06507370864599943,0.06650006630271674,0.06448523730039596,0.0653989204114791
freetimegs-sparse,32750.5,0.06497846333682537,0.0649416230916977,0.06611548984050751,0.06387827707827091,0.06515825265448599
freetimegs-sparse,33250.5,0.06486459224671126,0.06431841725111008,0.06599151287972928,0.06428384660929441,0.06492463993166192
freetimegs-sparse,33750.5,0.06477242741485438,0.06418201187252999,0.0656480145305395,0.0644872558414936,0.06469787542881728
freetimegs-sparse,34250.5,0.06439371547599633,0.0638137748464942,0.06572528535127639,0.06364208623021841,0.06447775839439915
freetimegs-sparse,34750.5,0.06464773181329171,0.06465866920351983,0.06535116745531559,0.06393335878103971,0.06426409396176867
freetimegs-sparse,35250.5,0.06401318188508351,0.06366838996112346,0.06562844195216894,0.06274271374195814,0.06405669297668824
freetimegs-sparse,35750.5,0.06394199477881193,0.06382400803267956,0.06487886694818736,0.06312310935556889,0.06385537182986582
freetimegs-sparse,36250.5,0.06388011403630177,0.06311759766191244,0.06467232247442008,0.0638504219725728,0.06365995229440807
freetimegs-sparse,36750.5,0.06355990318208933,0.06296565326303244,0.06455484673380851,0.06315920954942703,0.06347026136803853
freetimegs-sparse,37250.5,0.0629794502829512,0.06293833780288696,0.0636426838338375,0.062357329212129116,0.06328613111994102
freetimegs-sparse,37750.5,0.06305574389795462,0.06281485798954964,0.0643319235444069,0.06202045015990734,0.0631073985420928
freetimegs-sparse,38250.5,0.06311915317674477,0.06316323195397854,0.06389315301924944,0.062301074557006356,0.06293390540495566
freetimegs-sparse,38750.5,0.06268038950860501,0.06177681802213192,0.0639388135895133,0.06232553691416979,0.06276549811739758
freetimegs-sparse,39250.5,0.06252882324159145,0.06227366711944342,0.06345636743307113,0.061856435172259805,0.06260202759072048
freetimegs-sparse,39750.5,0.062408176859219865,0.06189353402704,0.06287277825921773,0.062458218291401864,0.062443349106674026
freetimegs-sparse,40250.5,0.0625274913435181,0.06194173962622881,0.0639604913443327,0.06168024305999279,0.06228932218933857
freetimegs-sparse,40750.5,0.062271598408619566,0.06175150242447853,0.0633537297025323,0.06170956309884787,0.06213981048076364
freetimegs-sparse,41250.5,0.06183201331148545,0.06146095348894596,0.06259043352305889,0.0614446529224515,0.06199468162025214
freetimegs-sparse,41750.5,0.062008126157025494,0.06192289600521326,0.06315425056219101,0.06094723190367222,0.06185380712718318
freetimegs-sparse,42250.5,0.06149650519092878,0.061566833637654785,0.06176138851046562,0.061161293424665926,0.06171706228726993
freetimegs-sparse,42750.5,0.06165811371058225,0.06073758356273174,0.06293698271363973,0.06129977485537529,0.06158432604215178
freetimegs-sparse,43250.5,0.06156118767460187,0.061021476723253726,0.06283198330551386,0.060830102995038035,0.06145548088222291
freetimegs-sparse,43750.5,0.06100990213950475,0.06073495048284531,0.0616576668843627,0.06063708905130625,0.06133041274260275
freetimegs-sparse,44250.5,0.06143610851963361,0.061617637172341345,0.06208598931878805,0.06060469906777143,0.06120901090215578
freetimegs-sparse,44750.5,0.06132604062308868,0.060854893326759335,0.06271058998256922,0.060412638559937476,0.06109116788547165
freetimegs-sparse,45250.5,0.06078122372180223,0.06078790070861578,0.061479507863521576,0.06007626259326935,0.06097677936771864
freetimegs-sparse,45750.5,0.06103003586580356,0.06036387110501528,0.06173065420240164,0.060995582289993765,0.060865744082286295
freetimegs-sparse,46250.5,0.060848935102423035,0.06056292720884085,0.061886840410530566,0.06009703768789768,0.06075796373113548
freetimegs-sparse,46750.5,0.060679592515031494,0.06054324385523796,0.061186085283756256,0.06030944840610027,0.0606533428977764
freetimegs-sparse,47250.5,0.06025385003785292,0.0599438443928957,0.06125210376828909,0.05956560195237398,0.06055178896279774
freetimegs-sparse,47750.5,0.060322638198733326,0.05983890274912119,0.06129804587364197,0.05983096597343683,0.0604532120218719
freetimegs-sparse,48250.5,0.06059210526446501,0.06010705286264419,0.061528182744979856,0.06014108018577099,0.06035752480616393
freetimegs-sparse,48750.5,0.06008362219234307,0.05946437487751245,0.06106967083364725,0.05971682086586952,0.06026464260507359
freetimegs-sparse,49250.5,0.060370556972920895,0.060317965485155584,0.061420842073857784,0.05937286335974932,0.060174483191242224
freetimegs-sparse,49750.5,0.05979189553111791,0.05952357394248247,0.060595699451863765,0.05925641319900751,0.06008696674775798
