model_id,family,variant,category,input_regime,output_semantics,camera_requirements,parameters,release_status,paper_url,paper_version,code_url,code_revision,weights_url,weights_revision,environment,release_paper_difference,notes
i41-vggt-1b,VGGT,VGGT-1B original,multi-view_geometry,RGB 1..N unordered views,arbitrary-scale camera-z depth; first-camera point maps; poses,predicts intrinsics and extrinsics,~1.2B paper section 3.4,released,https://arxiv.org/abs/2503.11651v1,2503.11651v1,https://github.com/facebookresearch/vggt,a288dd0f14786c93483e45524328726ab7b1b4ce,https://huggingface.co/facebook/VGGT-1B,860abec7937da0a4c03c41d3c269c366e82abdf9,PyTorch; repository dependencies; not installed or executed,Exact evaluated checkpoint hash unreported; release linkage is family/variant-level.,Static/common-scene geometry; simultaneous multi-camera use is a project inference; no synchronization tolerance or Basketball evaluation reported. Dynamic tracking uses separately fine-tuned backbone (paper Fig.5); not dynamic depth validation. Code revision date 2026-05-19T03:39:35Z. HF metadata lastModified 2025-03-17T12:18:15.000Z; gated=False.
i41-vggt-commercial,VGGT,VGGT-1B-Commercial,multi-view_geometry,RGB 1..N views,arbitrary-scale depth/points/poses,predicted,unknown,gated_release,https://arxiv.org/abs/2503.11651v1,2503.11651v1,https://github.com/facebookresearch/vggt,a288dd0f14786c93483e45524328726ab7b1b4ce,https://huggingface.co/facebook/VGGT-1B-Commercial,ebb29a532abe92960eeb6903a5530f16990ef4ab,PyTorch; repository dependencies; not installed or executed,Different 2025-07 commercial checkpoint; author claims similar performance; no transfer of original paper scores.,Static/common-scene geometry; simultaneous multi-camera use is a project inference; no synchronization tolerance or Basketball evaluation reported. Code revision date 2026-05-19T03:39:35Z. HF metadata lastModified 2025-09-17T17:03:56.000Z; gated=manual.
i41-da3-giant,Depth Anything 3,DA3-GIANT,multi-view_geometry,RGB 1..N images; optional known cameras,arbitrary-scale camera-z depth and rays/poses,intrinsics and extrinsics predicted or optional supplied,unknown,released,https://arxiv.org/abs/2511.10647v1,2511.10647v1,https://github.com/ByteDance-Seed/Depth-Anything-3,3d835ec1a5802d64a8b8b15f817a1ab54809bfe4,https://huggingface.co/depth-anything/DA3-GIANT,7cd62ae9315b9dff094d2d300e4ad012640607dd,PyTorch; repository dependencies; not installed or executed,Original Giant/Large/Nested deprecated in current README.,Static/common-scene geometry; simultaneous multi-camera use is a project inference; no synchronization tolerance or Basketball evaluation reported. Nested is not D2 DA3METRIC-LARGE. Original paper dates 2025-11-13; released parameter metadata not substituted for paper counts. Code revision date 2026-07-27T06:03:55Z. HF metadata lastModified 2025-11-13T18:41:29.000Z; gated=False.
i41-da3-large,Depth Anything 3,DA3-LARGE,multi-view_geometry,RGB 1..N images; optional known cameras,arbitrary-scale camera-z depth and rays/poses,intrinsics and extrinsics predicted or optional supplied,unknown,released,https://arxiv.org/abs/2511.10647v1,2511.10647v1,https://github.com/ByteDance-Seed/Depth-Anything-3,3d835ec1a5802d64a8b8b15f817a1ab54809bfe4,https://huggingface.co/depth-anything/DA3-LARGE,c54c26b16ec04d218e8d584ecf4bce082a9fcc20,PyTorch; repository dependencies; not installed or executed,Original Giant/Large/Nested deprecated in current README.,Static/common-scene geometry; simultaneous multi-camera use is a project inference; no synchronization tolerance or Basketball evaluation reported. Nested is not D2 DA3METRIC-LARGE. Original paper dates 2025-11-13; released parameter metadata not substituted for paper counts. Code revision date 2026-07-27T06:03:55Z. HF metadata lastModified 2025-11-19T14:03:32.000Z; gated=False.
i41-da3-base,Depth Anything 3,DA3-BASE,multi-view_geometry,RGB 1..N images; optional known cameras,arbitrary-scale camera-z depth and rays/poses,intrinsics and extrinsics predicted or optional supplied,unknown,released,https://arxiv.org/abs/2511.10647v1,2511.10647v1,https://github.com/ByteDance-Seed/Depth-Anything-3,3d835ec1a5802d64a8b8b15f817a1ab54809bfe4,https://huggingface.co/depth-anything/DA3-BASE,f4a6c9b3c95e41c82048423d3493a81ec3fa810e,PyTorch; repository dependencies; not installed or executed,"Paper versus release parameter counts differ; paper table retained as evaluated identity, exact binary equivalence unknown.",Static/common-scene geometry; simultaneous multi-camera use is a project inference; no synchronization tolerance or Basketball evaluation reported. Nested is not D2 DA3METRIC-LARGE. Original paper dates 2025-11-13; released parameter metadata not substituted for paper counts. Code revision date 2026-07-27T06:03:55Z. HF metadata lastModified 2025-11-15T16:34:50.000Z; gated=False.
i41-da3-small,Depth Anything 3,DA3-SMALL,multi-view_geometry,RGB 1..N images; optional known cameras,arbitrary-scale camera-z depth and rays/poses,intrinsics and extrinsics predicted or optional supplied,unknown,released,https://arxiv.org/abs/2511.10647v1,2511.10647v1,https://github.com/ByteDance-Seed/Depth-Anything-3,3d835ec1a5802d64a8b8b15f817a1ab54809bfe4,https://huggingface.co/depth-anything/DA3-SMALL,e08cab65ca0ec38e7826075418411ab90cab4da3,PyTorch; repository dependencies; not installed or executed,"Paper versus release parameter counts differ; paper table retained as evaluated identity, exact binary equivalence unknown.",Static/common-scene geometry; simultaneous multi-camera use is a project inference; no synchronization tolerance or Basketball evaluation reported. Nested is not D2 DA3METRIC-LARGE. Original paper dates 2025-11-13; released parameter metadata not substituted for paper counts. Code revision date 2026-07-27T06:03:55Z. HF metadata lastModified 2025-11-13T18:44:51.000Z; gated=False.
i41-da3-giant-1-1,Depth Anything 3,DA3-GIANT-1.1,multi-view_geometry,RGB 1..N images; optional known cameras,arbitrary-scale camera-z depth and rays/poses,intrinsics and extrinsics predicted or optional supplied,unknown,released,https://arxiv.org/abs/2511.10647v1,2511.10647v1,https://github.com/ByteDance-Seed/Depth-Anything-3,3d835ec1a5802d64a8b8b15f817a1ab54809bfe4,https://huggingface.co/depth-anything/DA3-GIANT-1.1,72ee9f89ce4e50d704e9d55ee9c646ec8dc25a19,PyTorch; repository dependencies; not installed or executed,Retrained after training bug; do not transfer v1 paper scores.,Static/common-scene geometry; simultaneous multi-camera use is a project inference; no synchronization tolerance or Basketball evaluation reported. Nested is not D2 DA3METRIC-LARGE. Original paper dates 2025-11-13; released parameter metadata not substituted for paper counts. Code revision date 2026-07-27T06:03:55Z. HF metadata lastModified 2025-12-11T12:56:08.000Z; gated=False.
i41-da3-large-1-1,Depth Anything 3,DA3-LARGE-1.1,multi-view_geometry,RGB 1..N images; optional known cameras,arbitrary-scale camera-z depth and rays/poses,intrinsics and extrinsics predicted or optional supplied,unknown,released,https://arxiv.org/abs/2511.10647v1,2511.10647v1,https://github.com/ByteDance-Seed/Depth-Anything-3,3d835ec1a5802d64a8b8b15f817a1ab54809bfe4,https://huggingface.co/depth-anything/DA3-LARGE-1.1,0e109ae307c5982f319a67cf6f9f99ccdc0ec97c,PyTorch; repository dependencies; not installed or executed,Retrained after training bug; do not transfer v1 paper scores.,Static/common-scene geometry; simultaneous multi-camera use is a project inference; no synchronization tolerance or Basketball evaluation reported. Nested is not D2 DA3METRIC-LARGE. Original paper dates 2025-11-13; released parameter metadata not substituted for paper counts. Code revision date 2026-07-27T06:03:55Z. HF metadata lastModified 2025-12-11T12:55:38.000Z; gated=False.
i41-da3-nested,Depth Anything 3,DA3NESTED-GIANT-LARGE,multi-view_geometry,RGB 1..N images; optional known cameras,metric camera-z depth using nested metric scaler,intrinsics and extrinsics predicted or optional supplied,unknown,released,https://arxiv.org/abs/2511.10647v1,2511.10647v1,https://github.com/ByteDance-Seed/Depth-Anything-3,3d835ec1a5802d64a8b8b15f817a1ab54809bfe4,https://huggingface.co/depth-anything/DA3NESTED-GIANT-LARGE,8615eefb62f2db4f8d6ebaa59160086981672829,PyTorch; repository dependencies; not installed or executed,Original Giant/Large/Nested deprecated in current README.,Static/common-scene geometry; simultaneous multi-camera use is a project inference; no synchronization tolerance or Basketball evaluation reported. Nested is not D2 DA3METRIC-LARGE. Original paper dates 2025-11-13; released parameter metadata not substituted for paper counts. Code revision date 2026-07-27T06:03:55Z. HF metadata lastModified 2025-11-13T11:36:25.000Z; gated=False.
i41-da3-nested-1-1,Depth Anything 3,DA3NESTED-GIANT-LARGE-1.1,multi-view_geometry,RGB 1..N images; optional known cameras,metric camera-z depth using nested metric scaler,intrinsics and extrinsics predicted or optional supplied,unknown,released,https://arxiv.org/abs/2511.10647v1,2511.10647v1,https://github.com/ByteDance-Seed/Depth-Anything-3,3d835ec1a5802d64a8b8b15f817a1ab54809bfe4,https://huggingface.co/depth-anything/DA3NESTED-GIANT-LARGE-1.1,b2359bdf726fb44ef62acca04d629dcf158053e7,PyTorch; repository dependencies; not installed or executed,Retrained after training bug; do not transfer v1 paper scores.,Static/common-scene geometry; simultaneous multi-camera use is a project inference; no synchronization tolerance or Basketball evaluation reported. Nested is not D2 DA3METRIC-LARGE. Original paper dates 2025-11-13; released parameter metadata not substituted for paper counts. Code revision date 2026-07-27T06:03:55Z. HF metadata lastModified 2025-12-11T12:54:39.000Z; gated=False.
i41-mapanything-v1,MapAnything,map-anything-v1,multi-view_geometry,RGB 1..N; optional intrinsics/poses/depth,metric ray depth plus rays/poses/scale; camera-z depth available,optional known intrinsics/poses; otherwise inferred,unknown,released,https://arxiv.org/abs/2509.13414v1,2509.13414v1,https://github.com/facebookresearch/map-anything,3d10cf7a3016fc0f9bb13a071ee66c47b10be0d9,https://huggingface.co/facebook/map-anything-v1,515f332b34d0751c262da4a625327b6110db8f66,PyTorch; repository dependencies; not installed or executed,September 2025 release archived as -v1; closest release to paper; precise evaluation hash unknown.,Static/common-scene geometry; simultaneous multi-camera use is a project inference; no synchronization tolerance or Basketball evaluation reported. Apache variant trained on different permissively licensed subset; no transfer from NC scores. Sparse/dense depth input modes require extra inputs and are not the proposed RGB route. Code revision date 2026-08-07T19:34:31Z. HF metadata lastModified 2025-12-19T14:47:10.000Z; gated=False.
i41-mapanything-apache-v1,MapAnything,map-anything-apache-v1,multi-view_geometry,RGB 1..N; optional intrinsics/poses/depth,metric ray depth plus rays/poses/scale; camera-z depth available,optional known intrinsics/poses; otherwise inferred,unknown,released,https://arxiv.org/abs/2509.13414v1,2509.13414v1,https://github.com/facebookresearch/map-anything,3d10cf7a3016fc0f9bb13a071ee66c47b10be0d9,https://huggingface.co/facebook/map-anything-apache-v1,59bcb2c461d5439939f91e5608877db5c58363eb,PyTorch; repository dependencies; not installed or executed,September 2025 release archived as -v1; closest release to paper; precise evaluation hash unknown.,Static/common-scene geometry; simultaneous multi-camera use is a project inference; no synchronization tolerance or Basketball evaluation reported. Apache variant trained on different permissively licensed subset; no transfer from NC scores. Sparse/dense depth input modes require extra inputs and are not the proposed RGB route. Code revision date 2026-08-07T19:34:31Z. HF metadata lastModified 2025-12-19T14:46:21.000Z; gated=False.
i41-mapanything-current,MapAnything,map-anything,multi-view_geometry,RGB 1..N; optional intrinsics/poses/depth,metric ray depth plus rays/poses/scale; camera-z depth available,optional known intrinsics/poses; otherwise inferred,unknown,released,https://arxiv.org/abs/2509.13414v1,2509.13414v1,https://github.com/facebookresearch/map-anything,3d10cf7a3016fc0f9bb13a071ee66c47b10be0d9,https://huggingface.co/facebook/map-anything,a1d87e9086706fb9974f3be5a3e3a0ca5401c5aa,PyTorch; repository dependencies; not installed or executed,January 2026 revised release; do not transfer September 2025 or DA3 paper scores.,Static/common-scene geometry; simultaneous multi-camera use is a project inference; no synchronization tolerance or Basketball evaluation reported. Apache variant trained on different permissively licensed subset; no transfer from NC scores. Sparse/dense depth input modes require extra inputs and are not the proposed RGB route. Code revision date 2026-08-07T19:34:31Z. HF metadata lastModified 2026-01-20T22:31:23.000Z; gated=False.
i41-mapanything-apache-current,MapAnything,map-anything-apache,multi-view_geometry,RGB 1..N; optional intrinsics/poses/depth,metric ray depth plus rays/poses/scale; camera-z depth available,optional known intrinsics/poses; otherwise inferred,unknown,released,https://arxiv.org/abs/2509.13414v1,2509.13414v1,https://github.com/facebookresearch/map-anything,3d10cf7a3016fc0f9bb13a071ee66c47b10be0d9,https://huggingface.co/facebook/map-anything-apache,00f9c245bbcb60522d1ed7f9e9d88462c6e3f38a,PyTorch; repository dependencies; not installed or executed,January 2026 revised release; do not transfer September 2025 or DA3 paper scores.,Static/common-scene geometry; simultaneous multi-camera use is a project inference; no synchronization tolerance or Basketball evaluation reported. Apache variant trained on different permissively licensed subset; no transfer from NC scores. Sparse/dense depth input modes require extra inputs and are not the proposed RGB route. Code revision date 2026-08-07T19:34:31Z. HF metadata lastModified 2026-02-04T17:08:09.000Z; gated=False.
i41-pi3,Pi3,original Pi3,multi-view_geometry,unordered RGB 1..N,scale-invariant local/global point maps and poses,no cameras required; inferred,unknown,released,https://arxiv.org/abs/2507.13347v1,2507.13347v1,https://github.com/yyfz/Pi3,9fa3ddb3f8d53041f8b2738df404f62223bbaa7b,https://huggingface.co/yyfz233/Pi3,ae722e7039287d0c8fde9f11f197f804f44b510c,PyTorch; repository dependencies; not installed or executed,Exact evaluated checkpoint hash unreported; release linkage is family/variant-level.,Static/common-scene geometry; simultaneous multi-camera use is a project inference; no synchronization tolerance or Basketball evaluation reported. HF card and current author weight-license statements conflict. Code revision date 2026-05-18T07:35:25Z. HF metadata lastModified 2025-07-19T06:42:26.000Z; gated=False.
i41-pi3x,Pi3,Pi3X engineering update,multi-view_geometry,RGB 1..N; optional cameras/depth,approximate metric geometry (author claim),optional known cameras/depth,unknown,released,https://arxiv.org/abs/2507.13347v1,2507.13347v1,https://github.com/yyfz/Pi3,9fa3ddb3f8d53041f8b2738df404f62223bbaa7b,https://huggingface.co/yyfz233/Pi3X,bb1deea4d7423de5b30691739cb451a3f57dc1d5,PyTorch; repository dependencies; not installed or executed,December 2025 engineering update; original Pi3 paper scores do not apply.,Static/common-scene geometry; simultaneous multi-camera use is a project inference; no synchronization tolerance or Basketball evaluation reported. Code revision date 2026-05-18T07:35:25Z. HF metadata lastModified 2026-03-11T02:16:49.000Z; gated=False.
i41-dust3r,DUSt3R,ViTLarge_BaseDecoder_512_dpt,multi-view_geometry,RGB pairs; larger sets via global alignment,arbitrary-scale point maps; z-depth via projection,unknown cameras inferred; evaluation may supply GT,unknown,released,https://arxiv.org/abs/2312.14132v1,2312.14132v1,https://github.com/naver/dust3r,4c24a6ebf04809f2cfe59915e51779c8984aaa40,https://huggingface.co/naver/DUSt3R_ViTLarge_BaseDecoder_512_dpt,61c57447d7b0adc8a1a30b2b0adec7a8935aa2a3,PyTorch; repository dependencies; not installed or executed,Exact evaluated checkpoint hash unreported; release linkage is family/variant-level.,Static/common-scene geometry; simultaneous multi-camera use is a project inference; no synchronization tolerance or Basketball evaluation reported. Code revision date 2025-07-01T12:36:01Z. HF metadata lastModified 2024-07-12T12:38:36.000Z; gated=False.
i41-mast3r,MASt3R,ViTLarge_BaseDecoder_512_catmlpdpt_metric,multi-view_geometry,RGB pairs; larger sets via alignment,metric-trained point maps and matching descriptors,unknown cameras inferred; calibrated triangulation is a separate mode,unknown,released,https://arxiv.org/abs/2406.09756v1,2406.09756v1,https://github.com/naver/mast3r,f5209afc300cec36239a7ac992263f36847bbba0,https://huggingface.co/naver/MASt3R_ViTLarge_BaseDecoder_512_catmlpdpt_metric,06e7259f34c3060f322df5cb0c7b9094f57e41fc,PyTorch; repository dependencies; not installed or executed,Exact evaluated checkpoint hash unreported; release linkage is family/variant-level.,Static/common-scene geometry; simultaneous multi-camera use is a project inference; no synchronization tolerance or Basketball evaluation reported. Metric training does not ensure accurate unseen-scene absolute scale. Code revision date 2025-06-30T07:07:34Z. HF metadata lastModified 2024-07-18T09:09:59.000Z; gated=False.
i41-fast3r,Fast3R,ViT_Large_512,multi-view_geometry,RGB N views in feed-forward pass,arbitrary-scale point maps and cameras,no required cameras,unknown,released,https://arxiv.org/abs/2501.13928v1,2501.13928v1,https://github.com/facebookresearch/fast3r,33104d4b5b8df43795ecded236194958bbdac572,https://huggingface.co/jedyang97/Fast3R_ViT_Large_512,a2c770b768ceb3a53c36c4f7a3619db0413dc3a1,PyTorch; repository dependencies; not installed or executed,Exact evaluated checkpoint hash unreported; release linkage is family/variant-level.,Static/common-scene geometry; simultaneous multi-camera use is a project inference; no synchronization tolerance or Basketball evaluation reported. Code revision date 2025-05-07T04:15:13Z. HF metadata lastModified 2025-03-07T10:19:31.000Z; gated=False.
i41-omega-paper-1b,VGGT-Omega,Ours-1B paper,multi-view_geometry,RGB 1..N views; static or dynamic,camera-z depth and cameras; no demonstrated absolute scale,predicts cameras,unknown,superseded_paper_evaluation,https://arxiv.org/abs/2605.15195v1,2605.15195v1,https://github.com/facebookresearch/vggt-omega,48b23c8ce72c9a8fcf987f0d7f43d8e4870759f6,unknown,unknown,PyTorch; repository dependencies; not installed or executed,Original benchmark result; potential contamination risk disclosed September 2026; superseded for benchmarking.,Dynamic-aware training; no Basketball/synchronization validation. Paper 10B winner is not the released 1B model. Code revision date 2026-09-22T23:55:22Z. HF metadata lastModified 2026-09-08T22:03:04.000Z; gated=manual.
i41-omega-512,VGGT-Omega,VGGT-Omega-1B-512,multi-view_geometry,RGB 1..N views; static or dynamic,camera-z depth and cameras; no demonstrated absolute scale,predicts cameras,unknown,gated_release,https://arxiv.org/abs/2605.15195v1,2605.15195v1,https://github.com/facebookresearch/vggt-omega,48b23c8ce72c9a8fcf987f0d7f43d8e4870759f6,https://huggingface.co/facebook/VGGT-Omega/blob/1041e80fc0e911235d3426b0a3d9a81075111a53/vggt_omega_1b_512.pt,1041e80fc0e911235d3426b0a3d9a81075111a53,PyTorch; repository dependencies; not installed or executed,May 2026 release for in-the-wild use; authors explicitly say no benchmarking.,Dynamic-aware training; no Basketball/synchronization validation. Paper 10B winner is not the released 1B model. Code revision date 2026-09-22T23:55:22Z. HF metadata lastModified 2026-09-08T22:03:04.000Z; gated=manual.
i41-omega-reproduction,VGGT-Omega,VGGT-Omega-1B-416-Reproduction,multi-view_geometry,RGB 1..N views; static or dynamic,camera-z depth and cameras; no demonstrated absolute scale,predicts cameras,unknown,gated_release,https://arxiv.org/abs/2605.15195v1,2605.15195v1,https://github.com/facebookresearch/vggt-omega,48b23c8ce72c9a8fcf987f0d7f43d8e4870759f6,https://huggingface.co/facebook/VGGT-Omega/blob/1041e80fc0e911235d3426b0a3d9a81075111a53/vggt_omega_1b_416_reproduce.pt,1041e80fc0e911235d3426b0a3d9a81075111a53,PyTorch; repository dependencies; not installed or executed,September 2026 replacement retrained on overlap-rechecked data; different recipe and qualitative behavior; see reproduction.md.,Dynamic-aware training; no Basketball/synchronization validation. Paper 10B winner is not the released 1B model. Code revision date 2026-09-22T23:55:22Z. HF metadata lastModified 2026-09-08T22:03:04.000Z; gated=manual.
i41-pow3r,Pow3R,discovery-only; not pinned,discovery_lead,RGB pair with optional calibration/depth priors,unknown,unknown,unknown,not_audited,https://arxiv.org/abs/2503.17316v1,2503.17316v1,unknown,unknown,unknown,unknown,unknown,unknown,retain secondary calibrated-input lead; sensor-free route exists; depth-assisted gains excluded from RGB comparisons
i41-must3r,MUSt3R,discovery-only; not pinned,discovery_lead,RGB multiple views,unknown,unknown,unknown,not_audited,https://arxiv.org/abs/2503.01661v1,2503.01661v1,unknown,unknown,unknown,unknown,unknown,unknown,retain secondary common-frame reconstruction family; quantitative deep comparison bounded to representative contenders
i41-worldmirror,WorldMirror,discovery-only; not pinned,discovery_lead,RGB multi-view with optional priors,unknown,unknown,unknown,not_audited,https://arxiv.org/abs/2510.10726v1,2510.10726v1,unknown,unknown,unknown,unknown,unknown,unknown,retain secondary any-prior family; no release/performance claim beyond inspected abstract
i41-mvsnet,MVSNet,discovery-only; not pinned,discovery_lead,calibrated RGB multi-view,unknown,unknown,unknown,not_audited,https://arxiv.org/abs/1804.02505v1,1804.02505v1,unknown,unknown,unknown,unknown,unknown,unknown,known-camera baseline from VGGT Table 2; potentially applicable after calibrated-view preparation; not inherently unavailable
i41-geomvsnet,GeoMVSNet,discovery-only; not pinned,discovery_lead,calibrated RGB multi-view,unknown,unknown,unknown,not_audited,https://openaccess.thecvf.com/content/CVPR2023/papers/Zhang_GeoMVSNet_Learning_Multi-View_Stereo_With_Geometry_Perception_CVPR_2023_paper.pdf,CVPR2023 accepted open-access version,unknown,unknown,unknown,unknown,unknown,unknown,known-camera geometry baseline; different information regime; not ranked with unknown-camera models
i41-cut3r,CUT3R,discovery-only; not pinned,discovery_lead,RGB sequential views,unknown,unknown,unknown,not_audited,https://arxiv.org/abs/2501.12387v1,2501.12387v1,unknown,unknown,unknown,unknown,unknown,unknown,cross-category video lead; independent benchmark row screened; detailed video analysis delegated to issue 40
i41-monst3r,MonST3R,discovery-only; not pinned,discovery_lead,dynamic RGB video,unknown,unknown,unknown,not_audited,https://arxiv.org/abs/2410.03825v1,2410.03825v1,unknown,unknown,unknown,unknown,unknown,unknown,cross-category video lead; issue 40 owns detailed assessment
i41-spann3r,Spann3R,discovery-only; not pinned,discovery_lead,ordered RGB sequence,unknown,unknown,unknown,not_audited,https://arxiv.org/abs/2408.16061v1,2408.16061v1,unknown,unknown,unknown,unknown,unknown,unknown,discovered E3D Table 1; recurrent geometry lead; secondary disposition
i41-geometrycrafter,GeometryCrafter,discovery-only; not pinned,discovery_lead,RGB video,unknown,unknown,unknown,not_audited,https://arxiv.org/abs/2504.01016v1,2504.01016v1,unknown,unknown,unknown,unknown,unknown,unknown,cross-category diffusion/video; issue 40
i41-s-must3r,S-MUSt3R,discovery-only; not pinned,discovery_lead,RGB sliding multi-view,unknown,unknown,unknown,not_audited,https://arxiv.org/abs/2602.04517v1,2602.04517v1,unknown,unknown,unknown,unknown,unknown,unknown,late 2026 discovery lead; not deeply audited
i41-worldmirror2,WorldMirror 2.0,discovery-only; not pinned,discovery_lead,RGB multi-view,unknown,unknown,unknown,not_audited,unknown,unknown,unknown,unknown,unknown,unknown,unknown,unknown,later release lead from official HY-World-2.0 source; not deeply audited; no commercial permission inferred
i41-mapanything-crop-unspecified,MapAnything,UAV3DCrop official pretrained variant unspecified,multi-view_geometry,36 RGB images per subset,metric geometry,RGB only; reference reserved for scoring,unknown,evaluated_release_identity_unresolved,https://arxiv.org/abs/2608.06404v1,2608.06404v1,unknown,unknown,unknown,unknown,unknown,Paper does not pin original/Apache/v1/current checkpoint; scores must not transfer to commercial shortlist.,Independent evaluation record only; exact license unresolved because checkpoint identity absent.
i41-mapanything-da3-unspecified,MapAnything,DA3 paper MapAnything comparison variant unspecified,multi-view_geometry,DTU 49 RGB views with/without supplied poses; ETH3D RGB views with cameras inferred,metric geometry,Comparison mode differs: inferred cameras versus GT poses for reconstruction,unknown,evaluated_release_identity_unresolved,https://arxiv.org/abs/2511.10647v1,2511.10647v1,unknown,unknown,unknown,unknown,unknown,DA3 Tables 2/3 do not pin the evaluated MapAnything checkpoint; no exact binary linkage established.,"Source-specific comparison identity. i41-mapanything-v1 is a chronological release candidate only, not an established match. Benchmark does not establish checkpoint license or commercial permission."
