source_model_id,target_model_id,relation,rationale
i37-d0,i37-d1,same_weights_different_implementation,Historical ViPE wrapper and standalone UniDepth V2-L controls; no wrapper paper score.
i37-unidepth-v2-large-rgb,i37-d1,same_architecture_different_input,Paper RGB-only identity is not a supplied-camera adapter measurement.
i37-unidepth-v2-unspecified,i37-d1,family_only,Unspecified paper backbone cannot identify D1 bytes.
i37-metric3dv2-unspecified,i37-d3,family_only,Paper backbone unspecified; never replace with selected ViT-L.
i37-metric3dv2-vitl-paper,i37-d3,paper_architecture_reference,ViT-L configuration has eight iterations; exact evaluated binary hash unreported.
i37-metric3dv2-giant,i37-d3,different_variant,Giant is not selected ViT-L.
i37-da3-metric-paper,i37-d2,paper_model_reference,Final DA3-metric row; no evaluated checkpoint hash.
i37-depth-pro-paper,i37-d4,paper_model_reference,Camera conditions differ across evaluators; do not pool scores.
i38-unidepthv2-vitl-reference,i37-d1,family_variant_reference,AerialMetric evaluation does not pin project binary.
i38-moge2-vitl-fov,i38-moge2-vitl,same_weights_different_input,Supplied FoV and predicted camera remain distinct protocol conditions.
i38-moge2-vitl-normal,i38-moge2-vitl,different_release,Normal refresh does not automatically inherit original scores.
i38-metricanything-pointmap,i38-moge2-vitl,derived_model,"Fine-tuned MoGe-2 student; distinct checkpoint, not independent architecture."
i38-moge2-aerial,i38-moge2-vitl,derived_model,Aerial adaptation changes training regime and transfer claim.
i38-unidac-vitl-predicted,i38-unidac-vitl-gt,same_weights_different_input,Predicted versus GT calibration; predicted mode adds AnyCalib.
i39-dav2-large-hf,i39-dav2-large,different_implementation,Transformers conversion and preprocessing; do not assume identical evaluation.
i42-dav2-small,i39-dav2-small,same_release,Same exact author Small HF card/revision; efficiency and ordinal observations remain separate.
i42-dav2-small-hypersim,i39-dav2-small,different_release,Metric indoor fine-tune is not relative student.
i42-moge3-vitl,i38-moge3-vitl,cross_reference,Efficiency screen delegates detailed exact-release audit to metric section.
i39-ppd-1024,i42-ppd-da2,family_only,Marigold comparison row does not resolve exact PPD semantics checkpoint.
i39-infinidepth-relative,i42-infinidepth-rgb,family_only,External comparison row lacks evaluated checkpoint hash.
i42-patchfusion-r128,i42-patchfusion-p16,same_release_different_inference,Additional patch sampling; original paper-to-release training match remains unresolved.
i42-pf-dagger,i42-patchfusion-p16,different_training,PRV2 matched-pretraining rerun cannot replace original PatchFusion observation.
i40-depthcrafter-unspecified,i40-depthcrafter-v101,family_only,External benchmark has no exact checkpoint; v1.0.1 is not inferred.
i40-depthcrafter-window10,i40-depthcrafter-v101,different_inference_unpinned_release,ChronoDepth modified-window rerun; baseline hash unknown.
i40-vda-external-unspecified,i40-vda-large,family_only,Unspecified size cannot inherit Large identity.
i40-chronodepth-online4,i40-chronodepth-v1,different_inference,Online rerun context and frame access differ.
i40-flashdepth-ovda-unspecified,i40-flashdepth-full,family_only,External FlashDepth label does not resolve Full/L.
i40-gemdepth-dav2,i40-gemdepth-release,unresolved_variant_mapping,Single public checkpoint not mapped to two paper variants.
i40-gemdepth-vda,i40-gemdepth-release,unresolved_variant_mapping,Single public checkpoint not mapped to two paper variants.
i40-dvd-v11,i40-dvd-v10,different_release,Later release does not inherit earlier paper results.
i41-vggt-commercial,i41-vggt-1b,different_release,Commercial checkpoint has distinct terms and unverified paper-score equivalence.
i41-da3-large-1-1,i41-da3-large,different_release,Training bug correction; exact Large-1.1 license declarations conflict.
i41-da3-giant-1-1,i41-da3-giant,different_release,Retrained refresh does not inherit original paper scores.
i41-da3-nested-1-1,i41-da3-nested,different_release,Nested refresh distinct; nested is not D2 alone.
i41-mapanything-current,i41-mapanything-v1,different_release,January2026 refresh distinct from archived original.
i41-mapanything-apache-current,i41-mapanything-apache-v1,different_release,Apache release refresh distinct.
i41-mapanything-apache-v1,i41-mapanything-v1,different_training,Different training sets and terms; no inherited accuracy claim.
i41-mapanything-crop-unspecified,i41-mapanything-current,family_only,UAV3DCrop evaluator does not establish exact current or Apache checkpoint.
i41-pi3x,i41-pi3,different_release,Engineering update adds camera/depth input and approximate metric scale.
i41-omega-reproduction,i41-omega-paper-1b,different_release,Contamination qualification and designated reproduction replacement; preserve both results.
i37-lead-moge2,i38-moge2-vitl,discovery_route,Category disposition; routing is not proof of exact artifact equivalence.
i37-lead-zoedepth,i38-zoedepth-m12-nk,discovery_route,Category disposition; routing is not proof of exact artifact equivalence.
i37-lead-zerodepth,i38-zerodepth-unified,discovery_route,Category disposition; routing is not proof of exact artifact equivalence.
i37-lead-marigold,i39-marigold-v1-0,discovery_route,Category disposition; routing is not proof of exact artifact equivalence.
i37-lead-marigold-v2,i39-marigold-v2-log-stage2,discovery_route,Category disposition; routing is not proof of exact artifact equivalence.
i37-lead-depthcrafter,i40-depthcrafter-v101,discovery_route,Category disposition; routing is not proof of exact artifact equivalence.
i37-lead-gemdepth,i40-gemdepth-release,discovery_route,Category disposition; routing is not proof of exact artifact equivalence.
i37-lead-dvd,i40-dvd-v10,discovery_route,Category disposition; routing is not proof of exact artifact equivalence.
i37-lead-vggt,i41-vggt-1b,discovery_route,Category disposition; routing is not proof of exact artifact equivalence.
i37-lead-mapanything,i41-mapanything-v1,discovery_route,Category disposition; routing is not proof of exact artifact equivalence.
i37-lead-patchfusion,i42-patchfusion-p16,discovery_route,Category disposition; routing is not proof of exact artifact equivalence.
i37-lead-patchrefiner,i42-pr-dagger,discovery_route,Category disposition; routing is not proof of exact artifact equivalence.
i37-lead-depthfm,i39-depthfm,discovery_route,Category disposition; routing is not proof of exact artifact equivalence.
i37-lead-midas,i39-midas,discovery_route,Category disposition; routing is not proof of exact artifact equivalence.
i37-lead-dav2-small,i39-dav2-small,discovery_route,Category disposition; routing is not proof of exact artifact equivalence.
i37-lead-geomvsnet,i41-geomvsnet,discovery_route,Category disposition; routing is not proof of exact artifact equivalence.
i37-lead-newcrfs,not_applicable,screened_only,Original paper screened; older transfer baseline not shortlisted (#38).
i37-lead-md4all,not_applicable,screened_only,Adverse-weather lead screened; no independent indoor-sport shortlist justification established.
i37-lead-nvds,not_applicable,screened_only,Screened through video references; not shortlisted (#40).
i39-fe2e,not_applicable,screened_only,Recorded external comparison lead; exact release/license not audited; no delegated completion claim.
i37-unidepth-v2-vitl-moge2,i37-d1,paper_architecture_reference,"MoGe2 paper ViT-L baseline; architecture correspondence only, evaluated artifact unpinned."
i37-metric3dv2-vitl-moge2,i37-d3,paper_architecture_reference,"MoGe2 paper ViT-L baseline; architecture correspondence only, evaluated artifact unpinned."
i41-mapanything-da3-unspecified,i41-mapanything-v1,family_only,"DA3 paper baseline; v1 only chronological candidate, not established checkpoint."
