model_id,code_license,code_commercial,weights_license,weights_commercial,inference_and_output_terms,commercial_offer,commercial_contact,dependency_notes,code_license_url,weights_license_url,terms_source_urls,accessed_at,notes
i38-moge2-vitl,MIT; bundled DINOv2 Apache-2.0,allowed with notices,MIT author HF card,allowed with notices,Commercial inference permitted by inspected code/weight grants; no separate output restriction stated. Does not establish third-party rights in outputs.,no explicit offer found in inspected official sources,not_applicable,Bundled DINOv2 Apache-2.0; v3 sparse-convolution package notices require deployment review.,https://github.com/microsoft/MoGe/blob/74fbce054ebed49800de42d0ad0e83495065719a/LICENSE,https://huggingface.co/Ruicheng/moge-2-vitl/blob/39c4d5e957afe587e04eec59dc2bcc3be5ecd968/README.md,https://github.com/microsoft/MoGe/blob/74fbce054ebed49800de42d0ad0e83495065719a/LICENSE;https://huggingface.co/Ruicheng/moge-2-vitl/blob/39c4d5e957afe587e04eec59dc2bcc3be5ecd968/README.md,2026-09-30,HF model metadata has explicit MIT field; same weight license for supplied-FoV mode.
i38-moge2-vitl-fov,MIT; bundled DINOv2 Apache-2.0,allowed with notices,MIT author HF card,allowed with notices,Commercial inference permitted by inspected code/weight grants; no separate output restriction stated. Does not establish third-party rights in outputs.,no explicit offer found in inspected official sources,not_applicable,Bundled DINOv2 Apache-2.0; v3 sparse-convolution package notices require deployment review.,https://github.com/microsoft/MoGe/blob/74fbce054ebed49800de42d0ad0e83495065719a/LICENSE,https://huggingface.co/Ruicheng/moge-2-vitl/blob/39c4d5e957afe587e04eec59dc2bcc3be5ecd968/README.md,https://github.com/microsoft/MoGe/blob/74fbce054ebed49800de42d0ad0e83495065719a/LICENSE;https://huggingface.co/Ruicheng/moge-2-vitl/blob/39c4d5e957afe587e04eec59dc2bcc3be5ecd968/README.md,2026-09-30,HF model metadata has explicit MIT field; same weight license for supplied-FoV mode.
i38-moge2-vitl-normal,MIT; bundled DINOv2 Apache-2.0,allowed with notices,MIT author HF card,allowed with notices,Commercial inference permitted by inspected code/weight grants; no separate output restriction stated. Does not establish third-party rights in outputs.,no explicit offer found in inspected official sources,not_applicable,Bundled DINOv2 Apache-2.0; v3 sparse-convolution package notices require deployment review.,https://github.com/microsoft/MoGe/blob/74fbce054ebed49800de42d0ad0e83495065719a/LICENSE,https://huggingface.co/Ruicheng/moge-2-vitl-normal/blob/cb0e8bbd6b1e243589717c78e750b1ba4c093acf/README.md,https://github.com/microsoft/MoGe/blob/74fbce054ebed49800de42d0ad0e83495065719a/LICENSE;https://huggingface.co/Ruicheng/moge-2-vitl-normal/blob/cb0e8bbd6b1e243589717c78e750b1ba4c093acf/README.md,2026-09-30,HF model metadata has explicit MIT field; same weight license for supplied-FoV mode.
i38-moge3-vitl,MIT; bundled DINOv2 Apache-2.0,allowed with notices,MIT author HF card,allowed with notices,Commercial inference permitted by inspected code/weight grants; no separate output restriction stated. Does not establish third-party rights in outputs.,no explicit offer found in inspected official sources,not_applicable,Bundled DINOv2 Apache-2.0; v3 sparse-convolution package notices require deployment review.,https://github.com/microsoft/MoGe/blob/74fbce054ebed49800de42d0ad0e83495065719a/LICENSE,https://huggingface.co/Ruicheng/moge-3-vitl/blob/184008f877d7ad1ad4c2cd2182a9bd1f63d0e5be/README.md,https://github.com/microsoft/MoGe/blob/74fbce054ebed49800de42d0ad0e83495065719a/LICENSE;https://huggingface.co/Ruicheng/moge-3-vitl/blob/184008f877d7ad1ad4c2cd2182a9bd1f63d0e5be/README.md,2026-09-30,HF model metadata has explicit MIT field; same weight license for supplied-FoV mode.
i38-moge3-vitg,MIT; bundled DINOv2 Apache-2.0,allowed with notices,MIT author HF card,allowed with notices,Commercial inference permitted by inspected code/weight grants; no separate output restriction stated. Does not establish third-party rights in outputs.,no explicit offer found in inspected official sources,not_applicable,Bundled DINOv2 Apache-2.0; v3 sparse-convolution package notices require deployment review.,https://github.com/microsoft/MoGe/blob/74fbce054ebed49800de42d0ad0e83495065719a/LICENSE,https://huggingface.co/Ruicheng/moge-3-vitg/blob/6ef26c5a4b4148dab5ccaacdb08b72dc66380475/README.md,https://github.com/microsoft/MoGe/blob/74fbce054ebed49800de42d0ad0e83495065719a/LICENSE;https://huggingface.co/Ruicheng/moge-3-vitg/blob/6ef26c5a4b4148dab5ccaacdb08b72dc66380475/README.md,2026-09-30,HF model metadata has explicit MIT field; same weight license for supplied-FoV mode.
i38-zoedepth-m12-n,MIT,allowed with notices,unknown; release v1.0 assets lack separate explicit weight terms,unresolved,Code permits commercial use; commercial inference with exact weights unresolved; no independent output restriction found.,no explicit offer found in inspected official sources,not_applicable,MiDaS/BEiT pretrained backbone; top-level code MIT does not establish all pretrained-weight permissions.,https://github.com/isl-org/ZoeDepth/blob/d87f17b2f5fdcb174cf4fb115491f4a6c60de152/LICENSE,https://github.com/isl-org/ZoeDepth/releases/tag/v1.0,https://github.com/isl-org/ZoeDepth/blob/d87f17b2f5fdcb174cf4fb115491f4a6c60de152/LICENSE;https://github.com/isl-org/ZoeDepth/releases/tag/v1.0,2026-09-30,Conservative scope: neither paper publication license nor community conversion license substitutes for original asset grant.
i38-zoedepth-m12-k,MIT,allowed with notices,unknown; release v1.0 assets lack separate explicit weight terms,unresolved,Code permits commercial use; commercial inference with exact weights unresolved; no independent output restriction found.,no explicit offer found in inspected official sources,not_applicable,MiDaS/BEiT pretrained backbone; top-level code MIT does not establish all pretrained-weight permissions.,https://github.com/isl-org/ZoeDepth/blob/d87f17b2f5fdcb174cf4fb115491f4a6c60de152/LICENSE,https://github.com/isl-org/ZoeDepth/releases/tag/v1.0,https://github.com/isl-org/ZoeDepth/blob/d87f17b2f5fdcb174cf4fb115491f4a6c60de152/LICENSE;https://github.com/isl-org/ZoeDepth/releases/tag/v1.0,2026-09-30,Conservative scope: neither paper publication license nor community conversion license substitutes for original asset grant.
i38-zoedepth-m12-nk,MIT,allowed with notices,unknown; release v1.0 assets lack separate explicit weight terms,unresolved,Code permits commercial use; commercial inference with exact weights unresolved; no independent output restriction found.,no explicit offer found in inspected official sources,not_applicable,MiDaS/BEiT pretrained backbone; top-level code MIT does not establish all pretrained-weight permissions.,https://github.com/isl-org/ZoeDepth/blob/d87f17b2f5fdcb174cf4fb115491f4a6c60de152/LICENSE,https://github.com/isl-org/ZoeDepth/releases/tag/v1.0,https://github.com/isl-org/ZoeDepth/blob/d87f17b2f5fdcb174cf4fb115491f4a6c60de152/LICENSE;https://github.com/isl-org/ZoeDepth/releases/tag/v1.0,2026-09-30,Conservative scope: neither paper publication license nor community conversion license substitutes for original asset grant.
i38-unik3d-vitl,CC-BY-NC-SA-4.0 LICENSE; README says CC-BY-NC-4.0,restricted: noncommercial,unknown: HF card omits license; repository NC scope may cover model but not explicit,unresolved; no affirmative commercial grant,Commercial code use restricted; exact weight scope unresolved. NC code/weights do not by themselves establish output copyright restrictions.,no explicit offer found in inspected official sources,not_applicable,DINOv2 and optional compiled KNN; no complete dependency audit.,https://github.com/lpiccinelli-eth/UniK3D/blob/29f7862f3c3ee79c53ef0153dfc901ce511df575/LICENSE,https://huggingface.co/lpiccinelli/unik3d-vitl/blob/008aa54308b8bc142f74c9c7b098833aaede06bd/README.md,https://github.com/lpiccinelli-eth/UniK3D/blob/29f7862f3c3ee79c53ef0153dfc901ce511df575/LICENSE;https://huggingface.co/lpiccinelli/unik3d-vitl/blob/008aa54308b8bc142f74c9c7b098833aaede06bd/README.md,2026-09-30,"Governing LICENSE explicitly includes ShareAlike, unlike README shorthand; not commercially cleared."
i38-dac-swinl-indoor,MIT,allowed with notices,MIT author HF card,allowed with notices,Commercial inference supported by code/card grants; no separate output restriction stated.,no explicit offer found in inspected official sources,not_applicable,Swin/iDisc and ERP implementation dependencies retain their own notices.,https://github.com/yuliangguo/depth_any_camera/blob/371ee299429257bb9a27d1e23b7dc53670e37023/LICENSE,https://huggingface.co/yuliangguo/depth-any-camera/blob/06560ec524cfaf867dc097012543dd0e152a36c1/README.md,https://github.com/yuliangguo/depth_any_camera/blob/371ee299429257bb9a27d1e23b7dc53670e37023/LICENSE;https://huggingface.co/yuliangguo/depth-any-camera/blob/06560ec524cfaf867dc097012543dd0e152a36c1/README.md,2026-09-30,unknown
i38-dac-swinl-outdoor,MIT,allowed with notices,MIT author HF card,allowed with notices,Commercial inference supported by code/card grants; no separate output restriction stated.,no explicit offer found in inspected official sources,not_applicable,Swin/iDisc and ERP implementation dependencies retain their own notices.,https://github.com/yuliangguo/depth_any_camera/blob/371ee299429257bb9a27d1e23b7dc53670e37023/LICENSE,https://huggingface.co/yuliangguo/depth-any-camera/blob/06560ec524cfaf867dc097012543dd0e152a36c1/README.md,https://github.com/yuliangguo/depth_any_camera/blob/371ee299429257bb9a27d1e23b7dc53670e37023/LICENSE;https://huggingface.co/yuliangguo/depth-any-camera/blob/06560ec524cfaf867dc097012543dd0e152a36c1/README.md,2026-09-30,unknown
i38-dac-unified-swinl,MIT,allowed with notices,unknown; UniDAC card no license; DAC-U checkpoint unidentified,unresolved,Exact weight grant unresolved; no separate output restriction identified.,no explicit offer found in inspected official sources,not_applicable,DINOv3 uses custom license/acceptable-use terms; see https://github.com/facebookresearch/dinov3/blob/main/LICENSE.md . AnyCalib adds another model in predicted-camera route.,https://github.com/girish1511/UniDAC/blob/9ddfc1f4cea68e08273ec9bca037f2ef9e1aa90e/LICENSE,https://huggingface.co/girish1511/UniDAC/blob/97339d315fb2eab216586fee9a213de5ed20ba95/README.md,https://github.com/girish1511/UniDAC/blob/9ddfc1f4cea68e08273ec9bca037f2ef9e1aa90e/LICENSE;https://huggingface.co/girish1511/UniDAC/blob/97339d315fb2eab216586fee9a213de5ed20ba95/README.md,2026-09-30,Software MIT statement is not an explicit weight license. No assertion that DINOv3 custom terms prohibit every commercial use.
i38-unidac-vitl-gt,MIT,allowed with notices,unknown; UniDAC card no license; DAC-U checkpoint unidentified,unresolved,Exact weight grant unresolved; no separate output restriction identified.,no explicit offer found in inspected official sources,not_applicable,DINOv3 uses custom license/acceptable-use terms; see https://github.com/facebookresearch/dinov3/blob/main/LICENSE.md . AnyCalib adds another model in predicted-camera route.,https://github.com/girish1511/UniDAC/blob/9ddfc1f4cea68e08273ec9bca037f2ef9e1aa90e/LICENSE,https://huggingface.co/girish1511/UniDAC/blob/97339d315fb2eab216586fee9a213de5ed20ba95/README.md,https://github.com/girish1511/UniDAC/blob/9ddfc1f4cea68e08273ec9bca037f2ef9e1aa90e/LICENSE;https://huggingface.co/girish1511/UniDAC/blob/97339d315fb2eab216586fee9a213de5ed20ba95/README.md,2026-09-30,Software MIT statement is not an explicit weight license. No assertion that DINOv3 custom terms prohibit every commercial use.
i38-unidac-vitl-predicted,MIT,allowed with notices,unknown; UniDAC card no license; DAC-U checkpoint unidentified,unresolved,Exact weight grant unresolved; no separate output restriction identified.,no explicit offer found in inspected official sources,not_applicable,DINOv3 uses custom license/acceptable-use terms; see https://github.com/facebookresearch/dinov3/blob/main/LICENSE.md . AnyCalib adds another model in predicted-camera route.,https://github.com/girish1511/UniDAC/blob/9ddfc1f4cea68e08273ec9bca037f2ef9e1aa90e/LICENSE,https://huggingface.co/girish1511/UniDAC/blob/97339d315fb2eab216586fee9a213de5ed20ba95/README.md,https://github.com/girish1511/UniDAC/blob/9ddfc1f4cea68e08273ec9bca037f2ef9e1aa90e/LICENSE;https://huggingface.co/girish1511/UniDAC/blob/97339d315fb2eab216586fee9a213de5ed20ba95/README.md,2026-09-30,Software MIT statement is not an explicit weight license. No assertion that DINOv3 custom terms prohibit every commercial use.
i38-metricanything-depthmap,Apache-2.0,allowed subject to notices/patent terms,Apache-2.0 author HF card,allowed subject to terms,Released student grants support commercial inference; no separate output restriction stated.,no explicit offer found in inspected official sources,not_applicable,"Point student inherits MoGe MIT and DINOv2 Apache; depth student acknowledges Depth Pro, whose incorporated source notices must be retained; top-level Apache is not full dependency clearance.",https://github.com/metric-anything/metric-anything/blob/616a5e6762f5fc40d1a4ef990fee04c800532f59/LICENSE,https://huggingface.co/yjh001/metricanything_student_depthmap/blob/cae9b4eb052e827048c9b385366c6d0dce83fb01/README.md,https://github.com/metric-anything/metric-anything/blob/616a5e6762f5fc40d1a4ef990fee04c800532f59/LICENSE;https://huggingface.co/yjh001/metricanything_student_depthmap/blob/cae9b4eb052e827048c9b385366c6d0dce83fb01/README.md,2026-09-30,Depth README focal fallback and direct API differ; not a licensing issue but important deployment contract.
i38-metricanything-pointmap,Apache-2.0,allowed subject to notices/patent terms,Apache-2.0 author HF card,allowed subject to terms,Released student grants support commercial inference; no separate output restriction stated.,no explicit offer found in inspected official sources,not_applicable,"Point student inherits MoGe MIT and DINOv2 Apache; depth student acknowledges Depth Pro, whose incorporated source notices must be retained; top-level Apache is not full dependency clearance.",https://github.com/metric-anything/metric-anything/blob/616a5e6762f5fc40d1a4ef990fee04c800532f59/LICENSE,https://huggingface.co/yjh001/metricanything_student_pointmap/blob/8f1f08c53c683d4e19864601dfaf78515f29a63b/README.md,https://github.com/metric-anything/metric-anything/blob/616a5e6762f5fc40d1a4ef990fee04c800532f59/LICENSE;https://huggingface.co/yjh001/metricanything_student_pointmap/blob/8f1f08c53c683d4e19864601dfaf78515f29a63b/README.md,2026-09-30,Depth README focal fallback and direct API differ; not a licensing issue but important deployment contract.
i38-metricanything-teacher,Apache-2.0,allowed subject to notices/patent terms,unknown: unreleased,unresolved,Teacher artifact absent; inference/output terms unresolved.,no explicit offer found in inspected official sources,not_applicable,"Point student inherits MoGe MIT and DINOv2 Apache; depth student acknowledges Depth Pro, whose incorporated source notices must be retained; top-level Apache is not full dependency clearance.",https://github.com/metric-anything/metric-anything/blob/616a5e6762f5fc40d1a4ef990fee04c800532f59/LICENSE,unknown,https://github.com/metric-anything/metric-anything/blob/616a5e6762f5fc40d1a4ef990fee04c800532f59/LICENSE,2026-09-30,Depth README focal fallback and direct API differ; not a licensing issue but important deployment contract.
i38-moge2-aerial,MIT for original AerialMetric code; academic citation condition stated,allowed subject to stated notices,README applies MIT to MoGe2-Aerial; license text describes modifications and inherited model,qualified: check inherited MoGe-2 grant,Commercial route stated by repository; no separate output restriction; inherited terms remain.,no explicit offer found in inspected official sources,not_applicable,MoGe MIT and DINOv2 Apache-2.0; dataset licensing is separate.,https://github.com/kuieless/AerialMetric/blob/2ec0e6c6d252796ab3b454ebecf60ab53df87fd3/MoGe2-Aerial%2BBenchmark_LICENSE.md,https://github.com/kuieless/AerialMetric/blob/2ec0e6c6d252796ab3b454ebecf60ab53df87fd3/README.md,https://github.com/kuieless/AerialMetric/blob/2ec0e6c6d252796ab3b454ebecf60ab53df87fd3/MoGe2-Aerial%2BBenchmark_LICENSE.md;https://github.com/kuieless/AerialMetric/blob/2ec0e6c6d252796ab3b454ebecf60ab53df87fd3/README.md,2026-09-30,Artifact listing verified via README only; no file digest or external checkpoint access check.
i38-zerodepth-unified,CC-BY-NC-4.0,restricted: noncommercial,unknown: S3 asset license not independently stated,unresolved,Commercial code use restricted; separate output restrictions not established.,no explicit offer found in inspected official sources,not_applicable,VIDAR pretrained and data dependencies not fully audited.,https://github.com/TRI-ML/vidar/blob/main/LICENSE.md,https://github.com/TRI-ML/vidar/blob/main/hubconf.py,https://github.com/TRI-ML/vidar/blob/main/LICENSE.md;https://github.com/TRI-ML/vidar/blob/main/hubconf.py,2026-09-30,unknown
i38-dmd-fov,unknown,unresolved,unknown,unresolved,No released artifact grant verified; no output restriction inferred from paper license.,no explicit offer found in inspected official sources,not_applicable,unknown,https://diffusion-vision.github.io/dmd/,unknown,https://diffusion-vision.github.io/dmd/,2026-09-30,"Research lead, not commercial shortlist."
i38-sm4depth,Apache-2.0 claimed by paper-linked fork README; original scope unresolved,unresolved for exact implementation,unknown,unresolved,Exact artifact and output terms unresolved.,no explicit offer found in inspected official sources,not_applicable,README credits NeWCRFs and DANet.,https://github.com/mRobotit/SM4Depth/blob/main/README.md,unknown,https://github.com/mRobotit/SM4Depth/blob/main/README.md,2026-09-30,Fork README has contradictory release readiness; not commercially cleared.
